sample_key,split
0009c2ab925dd52e19734b2250777f1c919442c04700f4168373b9d607a78679,train
008b2a11ab44ae750805862af287c547839718666e7fdae99b26def01bf217ce,test
00d6dbd37b6179858165ffbda3dec671846b88ffba624c02d4f72cdd723fa432,train
016a36d497b99aa67e60e280ba97df3d06a65e4aab939d2c348723a876ea89d2,val
01f20f52c7aac5f2ca9b026ca5e1cfd70db92eb72dab258dd37bdf8f9fb7a6ad,train
02215729a4d4cbd36c9477572f46f5415214756201c93383924046592f8143d1,train
024057f4821fc9dffa9ce24c343fb5ac7088e7bc2642dafb451a8f5c25cbafb9,train
02643296dac1f4873affad26a6094595be8f003ed7de1f466ed8d8a67113d16f,train
027b516f88e2987778fee03283adfabd7081908e2fb7409d30e4ee03785d0a3b,train
02a31f850c7c173beb8abba62ab8cc8a089c00621063cbc7c397f803cd643320,test
02a855aa1a18553c5aa5492250071ceace46089fac65b0aa3e8db05dfe219e51,val
03022042c0fbe657469f5e99a058f454e5c37d83348090b145574f8febfa4fdf,train
033bf217c1eea02826fb583af43278b19fcae84945716258da3d29477d4280b8,train
0349d7980b25575a582d519126cea5f223718930599658b15254550dfff9fda7,train
0388a445b6b586cd2940db3e5c3d8b8d0980929a0ca5dfb0c08aad2a6cf31041,test
0389f27e90360726d47f744b94968b984ef3509a75c7fb1ef7cb03f5a983b99d,train
039d69339b201e18aeca9e2a84e1fdc3ee1cf1d7059ed1bc20368b33e21a8299,test
03a646110acd09d5d9976f33c49e0056924d0eb318a2844805f0eae9bfe84549,train
04d83bb66f8c28a8f8fc3e0e91016b6170725e089881d87ffa6d2e5964d4d5e2,train
0548778a4b6e517e1f706178571bda0ac8558a3c984a5e6b07247c665080552c,train
057353442b475c821df0216c2604a3916751268cbb3d4596c89fb4d95dd7d0b4,train
05a517a24bb77696758ebbb3f5e6eef6443e99cdd6f490e567f8bda35882fb7b,test
05b42f856e36afcfdba84122cb31b44d3cf86fae11fbced365719ce7da9c7e43,train
05d462bbfa476df915957202a6784b0a3537457b4152b7f46e81f5c4333492cf,train
066d50bf2dccab196dc1025ccc68b02174bd98950cb95599b4d9532ed74f6d4b,val
06e21e953fa5a59d88098b4c426e1e5d0176823abae8e8015a4e6db6207acc33,train
070a7815a24ad809e8c2103ceeabf6015f1247c1fbf846b1ec86fe00934ad12f,test
075057e15cc3ae6d2119a7c23aa56db5e3dd6ccc932eeb0b73734cbc55794879,train
076de8a457dc29004de7fb1cd7889125da44700eb4d570a3189243b06280b2e8,test
079a1423b2a7c9299c0f89714460d0490a2501ae6b0656ab6f8b7a300b96dbc2,train
07b6560a4115876b5873df13f1e9853ca9230ed36e5ac83a4fd5a45d865ebe6a,train
07e28ff4d9be73c2518c4c95f31f5db1e9519ce23f17047ebffd4c42a583843b,train
083a783c231759391da2fe9ae8cf9be786ee3c8745c40c22e32551763bc8c203,train
086f4f0dceb578c3a9276afb0ba019d7b7373600993f3ca5d38d0e6f803faee9,test
08b5b8551cd8bd844dae7f037becddbe45cda61d24b8e6bd1198b16ca492f271,test
08b71b563b2993d411dcdb1f9b6f3f6335e6d2c79636e8fe1fcf6457c7d488aa,train
095a763ce62bab635685be965ab960795df0fc14aa3a483aa6b6785bdc06441f,train
096db2603f7ac3d75f10e659a1e591fd1a701603c585553f92f55727c2938a4f,train
0a145f1f8e5be2d8e77e0177ef0fabb4ce4f15842dbfa37e88edca2e90ed53a1,train
0a4994f97620b36ad7de600f30b59e1db1f928b45897fc411ee42202996175f0,test
0a93ce44bcfd60fa5bbab2bcabf7dcdaf384bde105fdd61328108514b103b269,train
0aa0ec504fa109748747d6094e1dcc5daf5fdfbf043991047a907bb5caf7b6e6,train
0aa7dc81ed742fffd371f6220c0ad9a246c7c3aeb4e7453c00aacfe29c1df4e1,train
0af469f31d765ff70d93e9726837dbafb31d4145c3f5bc9ddfdeb7eda252b529,train
0b536081f25dc87d30fbbe3c5bd5ac79e7bd5a88213cd5e0e16d541b7510900b,val
0bcc899d455fd76e19345827c9d143980cb1da7f26f6eb618fe02b2e6c852bd6,train
0c17f6236edad8520c4065820e9cde6eac4c0c1de603711fa84e8147bb9f8e5b,train
0ca0969b73da3d313219375ebc5f6983bae9e434f1bb5e3eda394dd851213056,val
0cb486d5606c4d98823dfdfc1d7f164eefac92b56822a7b5bb8b1e96a8eedcb2,train
0cb59aba7336f5d3b936e164a20f827fd1453c5c296db331b01a965d2cdeccd8,test
0d417778203612ece202c58187bfece4547e673aa8e777dc2cc08395ee74a750,train
0d524246b61c1c0b78c6532f416825271574783c97b9c2b823b8c73efdba397d,train
0d69b53d7889491db55dd7c83881a6489c57929aefc1b790d082eebc49875624,train
0dbb9bc7d51a67b3a84893c184ae5668399fd51c7c7a805cc12439714078961a,test
0e21d67147ab04c8835acc08f6265c3ef1e062baa8f02f9b766744ccf1361018,train
0ed363e88be752f86178f185f6e72bd36583c04ca73a68c4b3577d5afcda72ce,train
0f2dbb9972abba65b5526370d77f1569189a861fc0ee1e2dcbb0c2c411a1faeb,val
0f345fe1db46e9280344d1aa2d60b647322f6411b55d46e3db8015530627ec1b,test
0f41eaff0e12b933aff4c6c2efc1928809dfefa5684ee2842208e23922efa497,train
0f5e534f9b2cfdf2e3f4f925f542c9e71b927607a1537ebc4f1b43f04313c3ba,train
1038e7a7201cd0de1c1741ba618346cf7081fbeab713440e7bc495a710db945d,train
107b5f633cf5445067968adf722b19636caef2f402afe670f5d40305a96f9784,train
10e7f85339f334f47643f63ee036b6a33abf2457cdcaaf8f5b0ee984c7e200ea,train
11131a63c825ce51e0ab7aeda5f6e405e474830a9522de47db81ecfcee48ff53,train
11277693e34fe475a83b50ff5771abdf991c371140ccd956fb50595480ebd120,test
11293f99acd4fa44155d3157e2a46e2aa39287c843f2c1be26118504fd360d4c,train
118cf389fe82d5852fa1da90649854214aefc79e0a35eecb84a476d20a6f8e5a,test
119378cb7896d73e989763db0ea6c6b927844b1696d5eb420c5b512e5aff06fe,test
11a58b58a8a17c24a903ff50176470ba78dd890f1316848490599392a3bd4345,test
1215a52716bf75b9437359e248213b60863cab1ade6b3c78bcd6c4615f3c0ed4,train
122a59368337000ed0c362c537bffc4fbef4c3647312f9874b556bc27ee79912,train
123857e146df5b7ba3e6ea641d37aa239ad4c093743488d811ebe3e8bf3c3607,train
12ee0ba70c2c2926d0dac400157102d9405a5fba9f8b804a45ec02419eca9589,train
132e8c2f4baa74d464c2e5dd727bb34b1e3074b5320ef4162d52381c6b93fc25,train
1342526009238478a1155fe97dc9910773e48e124b1ddcdceadad3488ee01686,test
13651cc87174072ad3fcee7025a93de269af861e18c248836b75902e08b4717e,test
136a5dbd82d21c43e27959238235f671091e023c5e3df327dfc9d041090f8dd1,train
141804f5a8d6396f6d08b8ab975d621c4d5ddc3d0aa1174ad231fff2365f8c87,train
143152c0fc00fe0061a6bbb517810e110d03009bc15bebe44898edbfffc1aeeb,train
14511042464e4b3f11e499ff2dd21ec95e302cf0110ceda5c67e71d1f00b2b70,train
14575dd6ee20afaa94ebd37af38c7047a94067b3e6a8f448c684d87240a44cef,train
1475082ed5d94c3bdbc2a68c05889424aa7d7258b85febd6a3b869332cd26b38,train
1483eabf89f47cb8382f0d2df4ab20af8c08b1b8d3518a3e0c9e0f540d30e3e1,train
148d6f4c8eba5dee4d59082b44f2dad9ff27dffa2f0560b104aa52076c767583,train
14b14d0c274c9d7ba3a836eeb969986cdc85aae056a6132b625138b82c3f3aea,train
14ce20ed11cad4d2fec0bcaaae1a45e817049221256264ff9dd287f6d75d8346,val
14d0a38e9713326a683665cbd176a9f30390ffbd6fb688fd40aa10c7ccf731bf,train
14d5eea59dca57871a0bbceed63e9f36a73575ef0cb1b57186797b949fe37f52,train
153d3ee7cd8289131f3e58f3fcd9e05a03bc11c7dc3b167a7776f4d2bec34484,test
1549ffae8e10881ac69416ef77509deae8bf39b8c6d5d6dbd04fed5daccba3ee,train
15b95e4122828009b984aa97181ab89d06964e13d6964c486b0062591da82727,train
15fce3cefd3e6d9cc72451e641c28eb76789fb8973107ab4c2832f118b57c742,train
16265ceff975c0937843467a4772c836fd030288f1eea20df9c44af1273d1d38,train
164062968aedfbb399b2fee4d30fd075ad68b96cda13011089b9ecd07f318061,train
16806215cf40bd9fd3ee0b46c587497bfe2923573683917ca58ee76b37df10ea,train
16b5b72c706ae1504fa87bffc2cd7b2faf202bb5b8b44f82d3a19a3ca260f477,train
16caf92bc17bf65480487899e6d18f6748b6c185c3a0acffbb7f80167feb2d5a,train
16faed126a723b203e2cd19fdf7ea79647e6ea1c1e57e93459a01abfd8809e3c,train
178bf5852c1a2857d5952df5439cb53a7bf102d68a19b062b16c0a6a94287a12,train
186cf3d943954b6b119c4033da4fa947406316d6560d411322f1aeb414e572a4,val
188a669f7d646c18b3d9f444cd8bc46f545215fc006134fd0483fdf0e6e77691,test
18ec3e606b739698595771198c04326b8c1454c68aacd6c7fa42898ad01115a0,train
19705424375e5d405391848309bdba3c2e6f8435cb92214ac6a558b77288787a,test
1996a302a4c1f19cca8484caf069e35bd766139090099e48ac28cc3a836f7a23,train
19d0ec0470165e2129c263bb92f5ce9d8420d8c24f3c967399887c7911fc9c9c,train
1a10b92bd6978653a57479cc401634be726b6ed7ba645f18c8229bd34aee4edb,train
1a32752831d67901219e1d6741c1ddff170ed7ce36446eb27fb73ca3aeac2ce5,train
1a3fdd56b9e0271596115f9246e3903e55ad4244afa2d0dee371e63e44f014f5,train
1a4e06c2316df54ac5c6476fc23ccba75d3ba87f8be54e9dbb92fba1836a119f,train
1a6687dd1c481fa8fedef72cca231f6de08b32d47f64c2c47ed08c39f39e948a,train
1a7458788d35a8bf470a2170866c70e1e00b867081de9a7b991b43532612beba,train
1ac60dfa83fcbc625d9e59f66b29438ddb47b36fda03854a2a70c53c839a7992,test
1b05cf57d1020dda2f8c9473dfcbd61264daf12a98b0316f498d826f107188e2,train
1c000d611d6651db72c3dcf8f41cbb1cceb578f97a872d21c3baf4757da31189,train
1c042531bbf6c0651c4d0dc37b067a1daaf9a2d4e80b7da04c46bdb7fd45fa8d,train
1c43820efb1efb55955995c511ee8f07bbf4e544265035ef65c54bc81f0a18a4,train
1c7c09509cccb3ab76c8117eb31a92cfa65711558b248397c83e5eed8673440f,test
1c80a55483861025c8b9527e893c644f12061e47624cafd5db1af54e728936fc,train
1c9357d6ad5d4ed0de14c5314dff34169e006c2a1a97b4df5e3693ef3e16b757,train
1e557d23ea6ce68e8a1b3515e3b0af84ebd46e93e49a4d105e570b0bef23a059,train
1e8276e2921044c24111dec74e16fe34c467afd21d3fd6a79df85c7148e71061,train
1e83de61f0da382d88fd45071f3eb7ba0a10fa1b9b8461bd772498fedbb4ad69,test
1e8405ae108fa0e27395ab001960f36e93b814e6768223ddc57a20d74fdd6b42,train
1e84321c8bec00c909ce95272cb9fa3ac215b0ea9faa20c46a9285ad5ca40274,train
1ee6b90dfd2c061f71c8c98dd2267b36c7f8b240a16f6705e00431a22da0d489,train
1ee9b5286ce4bc120978602efc5281db80ccd1e4916d06007d7949d339825bc5,val
1f1dcab25be9e521abeef1833f5cccba9af213d8faf61d863e1b2dc875f72179,train
1f35db0669c8bc3e5e6c0487fa0c9ad98cb72d6cc301b758eec68febb499acd0,train
1f38472a4cfaec62020ab32155f98bfafc2eaaec84216f4ceead5e349a87f17f,val
1f7806323a2543f9b62ac44d8c8429499738da8aa5d313e53b6f0cb0af88e7c7,test
1f8d761d2488eb955eed66068b9c17ecb6e22efdea5f1cc3cad8745322fd5cdb,train
203c3013e48be52af155180160462c8a066df4bd4789e1103031f940a749c82e,train
2071e8060351c5c9270c2d17be020804e4c730df1ffccf8d6656fa0543970ee6,val
207c8591c4dadd609a274b04c9fe3cd838766f3f155f8f56b58a485c74e8da0a,train
20870461dd750b1ac62215b19520aaac66ecf719be4b6016384d75ede9132de1,train
209a36048f5930dfc27ef334670691fcbce89dd6abbd763a17688293ddd9331e,train
20a09a919a8116c4a8a1b46f124bdfc17715b0e85bb496a33f8f09bacc74d0e6,test
20b46af7b4e474754dfb1963fe5c6c050a70a6c63da5e9ab697c524077d5579f,train
20b716960938c38a9e31c4ebcdb3d55198f7028dbd906a668cf90a1f721d3c00,val
20f924c0a052941f51e8276d6d22a9d9f2a36e21b30bf685f4eab53419231fb6,train
2118b91b3395d39afd9a32595e65cc9da35a7701490d4e076b5de8c3ac81ec05,train
214d4e8754a9a4135adc38d2cf6551e12211db35d27a32812ab8646aad5897f5,train
21732c6f553fb74eb98b443ba3d257e973aa5b0b63674797adb3668e4fc50fb8,train
21ab4772d13e1364612fb62eafe9f10d5eea046ec8e8927a01088c44a80bd329,train
21b6eed7566ee8b9590d1b61a2e391264c07e990c1679fdb9ec849d4718ad4d7,train
228466007570a1818844f494847028be43f9972c9cfa679a210843d1ef7af5c8,train
22a65212116d87e68702fc5c178e373d33d6999d2e5336f88be2eadf305b50c8,test
232c3d156ca921f48b0c48dde09edae82dfb9d8b48dac0446b9db86a00a0c53b,train
233db36e8457ca3066fe67c4c9c5a141a5b7f6200079f32ea47dc0f2d678879b,val
23baee6b34d30f7c509b26ec9f0c5e0f09438fb4486ff00612500acb086231e6,test
24776de84cfcbf26662180aba3b46cf10e7a1a209de303c4a25f69609646147b,train
24aee0b3e9eab39ae7248c8fa006c06c4003b1051afda4a8caafecbfdd4dca99,train
24f22106b48be7f97a15bdfc05a70248c7feeeff29292c4f466ae13ef83b217a,train
2520ff75cd3f6ff662d61e2089384941d60067da1155387a6b1f09ea907bb94a,test
252eab0c4c67240374b96c97ecd4e8b7c63bbe6fe4fe82601625358f0d27ce47,train
25ddbcba36d795bd1932d63d328f9e3097050b3de4a46520a7f9b9b9c67fef2e,train
26119f13fb1ec0de370abbc999c107466a7e9761a40487e3dc3b54f73f4e4a8a,train
26446ac696be7559cbb1f8c495574f09478773a110309fe6a5e3decc51bccdf6,test
266692a12235f2fa3a5ae8757358b0dad0b24161fd856c4473f77bd4391e7f6c,train
2797c28756bc32ed8fc2bd92cc535c86269c9f4f6f7d2d102056dd245ca4a2c8,train
27b78907b64bb3f5fe59063e495261c854a40ff6ea8b531c1444d1aa6a25f6e9,test
27efecaef2f79ca03af9e31a2b8c1cddc786ab23c419fc1262489b3fae10a354,val
280427fa5aeddb1e605cd6a89be81ca37065a5c7bbc929be47c09c1f4e9f904e,train
2858594932f441e1dc3333c33a14de9b0cd9282ff682f68b2bbe4a93166f4a33,train
2871ef96c5d49555a33181dcfe3a56fa0fa67a3fbc51dd57584b59a7d2c249de,train
28f48375f67699510315383020fadefbbfe76c6e6ececdabcae93507120b4502,train
293aa614f4f34689518d457e7cbf107984b0ae6423cbd28fa35118db884a7508,train
296b46f26a95bcd1fc640f89f65654e7a25f59356c19456e53a311580f5453c5,train
29fafaff2e3c22c7d28c4b2676975dc7416a8fcb99965f0187fcfd023e447226,val
2a09e423ee69431e1ad28e43349c7ddaabc8a33dc598f002bcc7d5084b8509f6,train
2a107057fd5c320fe3e231e7a9740f69a30ed8adcf3087bd8a5a6367993b1e4b,train
2acf2cbbd5429dca7ac9b4e9599b4dedfa8ba4b58af244acddef996eb432bcd3,train
2ae401db00cc4ec9a5685fee4dc6d65ab3dc335ffe5317def2f350f3c6316aca,test
2af7ea50135c62a6b24152501c60d5d65b5d8c0d32f8ff67097637ac19ab19cf,train
2b65420ada1260995ef7e33168a1ddabfee3c33db22d8bf587f9dec0f70c933d,train
2b87532d68fefc2adefc597a4a29e8ca3dd435d9b12ae52ca53c3272fa5c36c7,train
2ba8132bf2501b3a22f97e590d14024a49e4875abce5846dad6c6c306363d68d,train
2baa5494b7a516c17c62bf8894643337b161dda16df898642e7d0d87a097087b,train
2bac777a04d3337d30d0f3a7be6d9f3265c77fa8b16212897185712c9c8ab03a,train
2bcb081402cfd7a4178a29ef8a3f186e416864fbbb2bdee2613fd2e97d7f2d00,val
2be4b85d00e28cdc034554200c0ba3135b630104b8dcf012895c73025d319d3b,train
2c3cef1c925f35c5dc868c52b76003a35c25af8a944f3615c3f5b5c46a2506c9,train
2c8bf6ac468f358b023c5c195ba535ad68240e6036490147992f44d89c4d943c,train
2cc6c25db91d677b447ec8d41fdbb7bbddaf29b5e4537a42f662cf3a90a2080d,test
2cf33d47f97c9b22fccbe9cf0c9a81bf5d9c6c7f05626e3e2f278d284b142c47,train
2d1dac569d1cc2112e1cd5e693adc530c5cf1d0c29d0eb7fa3283de281c92c20,train
2d3c71ac9a2139b78f511a47f6ca2002abe17ac4ad907ced6bb9cfb6d3817d0e,train
2d5fa048276a3fea20573b97edd4bff9c15d009d01bbe54ce6a491cb32541545,val
2d8eb2fcf1307198c2adfe5763fb9af58c7f0bf87c322b7f3a3d6492e7740102,test
2dc2a748c57936e741d118adf766b54ee7c62ed04179934ddd175c73bffe6fa7,test
2dcc7c8aa7eba7fa5adf7a1076d17252e645a3daf5b200444afaf85a050a8e78,train
2dfb7591757f3b7268cf265097bef77c5c7cbc98ff4a6b4cb8015ef368e6f476,train
2dfd658f7067777f4d39215bbeda41931a22f1cb0951560ef5700aa7e5a1635c,train
2e0d16ec0b1af949a24b3af4058f9e10ab0688afafbbe69c7ec1928d6de0d42a,train
2e0f2411336bab583a40e9c6c8efb852367c194f684ce4797f662e0f08085d03,val
2e1883ad3f9c227ea012f63bc1174d2a3989d1db796e16d81f8f8556fa9c6251,train
2e4473e14a83a60f12804a1e0021544f96610abd546b5afde1a68f13a1f1297a,train
2e79bb36eb854659aea96e8af39b68d0191b3cf91365627cb463066ab67cf7aa,train
2e8dda830a04b63103f5be6f0bb646ab5abcd28844dbe7cb4b97928c39d95234,train
2eca5410d1f3dbb5bee7827639565e0740b829e2909e436c921e5e41bf588191,train
2ee0499fdd6173cc65aec56bab6c6cd2ea6204d38bdc80e926fd67834adf7142,test
2f23a22364965439ac3c16959fa3d0813728fb5e7ed19251a493fdc65dded189,train
2f4f070973f14bbfd8e9132429bf545cdf33e428c24aba2ddc3939939302411e,val
2f7337e3b993d16424409ad02eb8990f41506ceef1339f1879c3549127b24a61,train
2fb60c8c2c4046c1951e27634f0979aad37995d29f9ba85407b4a9d268f0ae7b,train
2fbd04c7e63a225fc84c094ebd911be1021a4a1cbc6770cc0eea02acd917401d,train
2fe848eeeadff2f64baa6a18476613af9aea15b6e25fe8818b008ea65d263797,val
301672bb4d435a4c000759d280a5eac1d85467a48b25bdb298839bc6cdff1f79,train
304c15b175944499bbae31d361bc6e008849a7022e546f6bedba65f693c31238,test
309224d0e52e7b09ab8e6eabfd4b50aad434c73035dfcc7b351b656629476111,test
316081153dc6d394678892e4776bb553ab63b5eb257771fa56d6136535bdf770,train
31a7545a0ac019bad01eba723ac2ee7dc4c8acdb350535d7c2fe80563a58bbda,test
31c2cea6bb1eb68c7e1d6fe9a5aea42f68cfe632349d849e2b6fd027518a0871,train
31cc41190d6dd86dabdd07486c587acecb80b43236691791a4ddf4c737e7dcac,test
31f95eb3c1f4d26442fbfec29e971dfc76e90c719e319cb458a3be1282c50e5e,test
32fa90beb722db81359bc7e0036e3f236ba6f26878b41a481cb4a7e40ccf1b80,test
32fcd454c98599b8da3456475d519e5af6f99360cc587141e068dcbe58d5e9ba,val
33349ec741632cb840f9902f87e8fe0611178ab4c2fd48a465e115924e275f52,train
336d2e0b20f3eed6b8fa41d19f62667079eea8560a85f0ccfd92b9b581db0d4a,train
339337918ebd361f0bddbe77f5363ee589ec2e81b51ef8fa5ae4ef739249810b,train
33f8fbc2fef8809d70c1789261f1a96e5b47b9952d8dea74f58a0075b38c5a63,train
340c108effc488f9be655dd305db1d9f10643a13a2b1fb7beb5644770a69837b,train
341f7ae034ed3820b5513dcd128629b0cd396454538f6860eb14e4da8f98199a,train
3475839cd034a6633e402e8084f4a374d80ddfccd7ea5a7aed8aed8c0d60e580,train
34775c9d7eb48c3702b0d9fa991e539773e3cd9beb338d1606e5347c1d036067,val
34adb431eee2e2973472b115794e1997798b8b625cb42baee04b2689f7f0e202,train
34be3af4e16b2f1587330e9696c9ec2d2a393b08e23f053304a4a5d572d58af3,train
34c21256a87813fb3892d5c4cac6ec8df93a7acfd5489e75e25256d12d9ce4c5,test
34e2d51281f74f5b3c3c87686c729cf9469324b931a1bd3abac782e324e9d640,test
3538bad76dfedf40c17c3f8e44eaed931bda5ecc0ccb0e76fed07ba6f7d25057,train
358f367dd36731f40fe363ceaaa8e94bbdd7bd11e263a023bff671a7a2d55702,test
359571b9a1d176760040840bb694d7dea57b067945b99a25dcbf1fb1eb513d49,train
35d7f39c5ace291b0b8ef072ee27fc6ce9de6c3bac9a8d35105af5792e6c2bac,train
35ef9037eadee4ce5b59c0ffd55e448f4cd7d6bc08e6da7b9b9beb2be4fa6646,train
3661ba78e7a7c7c5ec11a05a0996605f36fae9c07170ffa0ff6255c0b1d452a4,train
3673101eb171b303ce6f0c8a2ff955addacd536b7884d62ee521df24f2e00fe4,test
3701820cc0414e3e4974921c44d80890d2be496ea560334d39098a99fc3c20d6,train
370cb699651c725fc27bae5f26e2c23cd37990bb3cbf13e4f1c0249ee1f4cb6f,test
371bca4e9ac572ec4f30645ffc3fb29e53354767a930149978892a130b86ecd3,train
379d17a1f84aac499a930e6e012b5bef0e5ba3514df4b329904810b8ab598cd9,train
38931081a0ee968f0c2bd22cd28d3b175b57da02d044227335d4692194f44d22,train
38ab8f1f80dba45c8e3047fcdaba3e873e3a1399a8e86b61869c5deca2024565,test
38bcbd3cac4a08757a688d226ca359a1bb9542a9b6bae84f6f0a3c665d90e2ba,train
38d8bcc10e0c88a5c2d039db7e77613ea7d575e223b08f0ac2c2f194e250a383,test
38de115efaf0022dabfb6f458a02695b155894f5679b3c4fae7532c49b1f26c2,train
39662f0eb878377eee76350c47ab9300a784e47425ba476cd20a79184043ead9,train
39c35780b99c6625725c10a5ff1983435b7df00d2180a1170f6b7c9f004f66ec,test
39ed397f4b05161ace6974728f9b6dbeb0c5cabba7b296de7b3dfbebca04a1b1,train
39f6d1b5ca5dabca2bfb447216b04acb533a18d7b57dafefe64e7bca18848e49,train
3a941d833061bdc890d8c9ffdbe5a01c63069c45ba39b9fb620de0bc8191f231,train
3ab36bfcda1cc1a9bbef0419bfd64ef02486b86cf1305861eaf9ce4a49dfa335,val
3ab84d09f00b56e8984d114e52caa74277e91823320098c813da3424d23912f4,train
3ad11d239309be5478ce52c1bd8300808a46d58561a2d696bc9c777cf58a6548,train
3add693bfecfb4057ab30d5230b697f94a32af2d64d01d7e4dc36c6ec6ae886b,val
3b0f1cfcd67a6c6a941abb000d49e06b51db63b68e8eb19851bffabe97f0d617,train
3c61008e04e1525b4abdff7faed799806012fea44c64f28742619242e59975c8,train
3c854cbe204e12b85b88291fdaa3b8e0a9e5b9d7fee2db2d0693df8128216978,train
3c9e9d9d259a3ac33334cd0260b2bbed760a687f91c859798cda2b717838016b,train
3cee615d8de13843477ac13cf4d585e1d68d961e2d92262f788f9e8d123ffdc3,train
3d0b952d663e96500408154605d4e08f8d8e5dafb32c55377ee7fcefb64ec1ab,train
3d1ddd2a4d8ad0663196f917107182cae5709db27a59479031cfeadb5203ab9d,train
3d29869674a5b376fbb2631ac7147aa1a2eb137b7af9e3bd3240b4391043a25d,train
3d3c9a309ce075e0f06a42d9283f7dcfc937a3429abd108ece77cc804ac92f63,test
3d3e0cbcdbbac2dd1fca6c776cb1f19b5821eb7b9074a4fc52f2e26c358cf634,train
3d477db0c03ce32aaa122a0d1ca40e1780c548b469580b2edb995887fa1762c4,train
3d813919b251dff419b58fa46fe13fc60d9f3b77bbfb96749bda85078bd5b6d2,train
3d9e18c3866673e36ed8c729bfca321ef049d306d3422f407db41aad99e15882,train
3e24a98a50ea6165d72a8108c3b50b460d4fec78be61cc563ae8977552600562,test
3e4906abb4ab2d1d596d99beee87a1bbbc9133af6f33f0bbf5509d7be66bd2ab,train
3e7bcbf1c770f403b61896e925656c497512aed87dc364fe71c607cb39f56c77,train
3eb714655251bdb78f1a0adac9a57b91e11b51ebdc4d8313521eb8c33efe9366,test
3eccf726993f6ede98f612ee3173d9ef64077ab8813117ce708571c6208746be,test
3f1a0f7e57ec81456a5c3f910fd57a0320a8c03230c5347a514695ef1c2e7fc9,train
3f1fc433a5bf240fda616b6fc59c4043a306216ec811502bf303fc007db87607,test
3f3ef61ffac24ebcf8c5f5fb5cc0f5e8f41308b0999cbcfe95e48f532e65d1a3,train
3f67eb97b286bd83c364bf8454356be16f9828649357cbcb0def3ff17dae859e,val
3f7318f4d9fa99e29d8ff9c69558f7e3aca133b360745f5486b1646980f23ee7,test
3f8a8a0744234a5a7726e27569ab572389050c41811210fbbb4a775303600677,train
3f8b2ae0831cfcd6b4b5828165abb299b6d02b671624c0306b35099de4268d78,train
3fc24b9045d490457e3e4e8d6ee23811a68c7ae3c4294d8d64754e3a45527b9d,train
403cbf416ff9927baba42b7c126bd5b495d7ecd336288676ef246051846759f0,train
406f303ff3c9b9345d182a77e9e803809cabdea4dc043db2dd1c846a66caf9d6,train
407b068d8ed8efa3c4c8ee9dd18e5db655b82d05681a7d8d4b07945091b332a9,train
40baa76079cfdd8217880fc6f6ce966cca88e0addd3bcdc15367e802da22309a,train
4138b10fcfcd8e4a18b6d173c8079fb88cce66ed7db569801be14c0f5ea978df,train
41c140aefcda23429e615f9b4d6539a9d91ac76307abb4ebf7999efd7179b1d3,test
41c2328cb579bb934f9790a41894106c213b30361a86d8e544486c30c8399c39,train
41c387471ee09884881cc949c66e9749c82fbd4727f1184e7a8b010df6886f7b,train
41f87e5c4b10d3fdb77470fc2081e3721a87e6e370bdecb006c15794b6e67906,train
4206294f8f4ae3131d676a2767d985a8dd83caa5f75fa0573b172623186eab31,train
420ae724c7f6577b68494885c0664e235f0d9d7bc817b4a011f695a962b487ee,train
4221c490ff506f45174de03a96ccc6af138b6bcf7efabb1f31c20f3fe31e98cf,train
4224cfeb3555d299ab9626e08cf3275a4a5ba24220c6ec5552d16aac43902fa6,train
42639d004ddb6f632d4c4f7b296bbf8c51e38d427096e795328bc86569f71a72,test
42797ed799d872378ecfda5b10ab95a16d0115463a3ab5031fb009a8be3d844e,train
42f2408a0c450cdc10d23bc08500b5da043e8b413ab3ca26b30e99e97936570f,test
432c2c2e5b3afad9ad249488309f7954db0dd02ad84c295f340e365326639d4e,train
433df153f50fd27883fd6d4fe77e138b2293a9e78350e8dc57ea78f0d494dd87,train
437bc31995e4996163ce9a990663bd1819b3eedb219dd3c1dc65bb21a868d8f2,train
43fa8c09904e553ca45e0b9397825df7bade4e6e3e437052d1e9016a3a82bfac,val
440025722f19c2fd9c03aedc9a23dcb0703e8d187620a8f4094256df216b7742,test
444ab91c091f00d2fb96444f9ea43e2a1b9a2eb40a92d3227a87d305aab18124,val
445e501b5a5b410e7ee79481fae04a368e503eacd9e6f6d4e2d9e4ae600354b5,train
44a05a35cda7e4913dfc51e22210645680a2bc096ee41e4e9b6e6ca24c66de53,test
44ecbdc5dc2d7b5906cb8f23c1a3b8c0ad0f388c75238ebe5cb0568e54bfa3d7,train
44f2a928211d5d3bccf6ca735d8131d08edcc6785c3842587607928617d6c7f3,train
459eed2bc199e2bee18305c2ac6b869384fd460ef085a4037fd662f9437c6f02,test
45b967f6f51b3be4a1c7d28e5712474375b50ebce0dfd382bc241da3fbb89def,train
45d3d00f7974ea98b58af48450b3525329bce77445b93def2ec8caa34210adc3,train
460947ff273a8ad8e7328cc177f1b80f2921bb176d413985bcd9a10072dca283,train
46223ee50dcd572b7327980c2c253226e4759cc6010ac72c9bdb854cd76a72ed,train
463ed51c8c1b12f5efd68effed26de2758c784ff7663f49a703d561e28786d81,train
466ee1853685367a3ad8d1a4dec3214a4a37ea9e511f7d2802666b57e3caac3c,train
4690f0255c1e5433a502b3632bb8776366515784fa57ef9542a5de967d90f0d6,train
46fea79e403fe6066bfe8c94ec764887828e4d88da4e98c57684bff4f81ea1fd,train
4712308892487893f6e9b2a58b4c9f0728f6d9b7912fc2074ea270d07d591b5c,val
4723f30e5dd2607e9952393bc5fc0759156cc2a7a3fa0e616b539bc9d4242886,train
472728fd8e3a10a4e0671657e00f9f315986cf5cb4830877be75dc291ae7ec23,train
4731dad2308e32fbe02e88e8686a0bed003fed453af96c932d1df5947a9be19c,train
47615e36139f59f70153fa1d33c2af785b054147585a11a82dadc4fa8c972b5b,test
477966325f6493c4525f11932ba593ce1fe294d9fe678fe3f4193ee669ea0b2e,train
47f104bd2da3c6ff6a3c9d783c10ab491ed62d235c7870d552cffa08fc9ab2a2,train
47f120bc09d17c111652e0ca4e98cf1f5b5320324777b24614d1ceb584b0b305,test
48224d8bb2393acbcc9003dc20a27a41c4dc7564e10ea7c9227ca65172417396,train
4835fca5601dafb07e930c5659efcad780dbe020db365b8888fa6bbccdf02385,test
487a1b1c5ae538dc6f93001514011fbb360e7c9208c894d8cdde642b892dd0bd,train
4880e05fa6ab822d46171f2a0bc3960beac7c49f393a06d1ad9baed68ffc795f,train
488614288f3b61ed46410949f999bed1f75ee1f78f79f9d5714baad81e46397a,test
493150987d9edd5dc42b4348a3a91443ff8f917f8a85ea145ea58904e91b0440,test
49375234eb00411d4d72472c0c3e007251d74c38c9e3101a72389ab775e7c460,train
498b0eb25587445646d075aa901dcf9b64255bd575bf436d42add210bd459cde,val
4993861dbbfa18af517333df9e06787c16c58220c613488b5bdba87e0974c514,train
49a8a242290cdb30a098d0df085d1f496943ff7ac4aa764127bc010a60ccf062,train
49b49acfa0cfa223b6611e2d94f6dfa459d0fe858d9e5acfea39ca63c2f5f4e3,train
49beda792459491100726d515bedcf645cd708d49dfb3760b3e0a160d8b15bdb,train
4a04144c81ee54488f6d022e572680a58c7892cfaeebb8bbba8a115cf46d6bb2,train
4a62a3332314b8716c01749ecd1ddc51d0fa31666bc02be36cfff1e9a32a6e62,test
4a706c6cc99621e385059b8a6ce421312b2430842584d62eb31b6e67239f0204,train
4a7cbed32e1b2464a3524ed71baf56a66533afa059cf763c4837c426f8cba30d,train
4aa8735c0f2e954e85176dc177b3f38d82c596b718c2195516d74412d3ed1b4f,val
4ad75e5b7fb4c8f637d148e049fdbd9c09c2d1f4bb3a438e2ea3252e6acd45a3,train
4b16b3a6341c90075cf80288857b6585f36841a270ec7591cc1e266bd233d2c1,train
4b31f9b09ab36f72b235dddfa732924512b5bb83b8967dc65f7a0d7b08c7c8a3,test
4b3293f7b6dc0ea397999d43f34dc5f954389f9a243424361883dcb8e7691294,train
4b77892e3034b25b91f7e8065593a57ed2e028a18df5a29d08b6fdaf55a6a3b7,train
4bbec28b95f8c42945e30a0fd1d7168d2777358959e348ff024593bea0294338,train
4bd3f95888d7b02625061bb63c301e476d7173cd1bca088d5e5c96b14a50f3c6,train
4be3f4bf3d506c97634ee732cabc9aceef56102581cc3774281937a73f59ec73,train
4c3ce7849366588658c167f4fc6b0f51da8786c4904443940b7109fb62c3bedf,train
4c3f93f259215ea9c4e8fedf531a4ee458612f77ee4623a84a27a63184005872,test
4c62953265cbdd2a4cf66ea74b18f40c46cccc941d837c5a4e62a0c5cef0d488,train
4c97290d507fe36a53b2753bf6ed16b1ae9a3cb7d43089aaa15707d153e69789,train
4cc2eee41f9f493bb74ba5feedf84f56e5b1f870d616072a10760bee9d7ffddb,train
4d1f947b871f47ea199829e3a0569807588c3ea63c52d48eb7592af5f30cc057,train
4d3fa039f8eeb03cbbc374a061afc894771b00a52853226b50dc9f5123bcac69,train
4d49d5275fbad6fbf1863e40004a3515f1023bc654ed2fa1a4a1732ea677dc32,train
4d6785d32f8d870e45acc9a6b3f3bf5968de1f8ca7b7bf141aba86dfb3066ab8,train
4dddadbed6c2c3d8d654f3257aeb6995ee6d38a88be579a0bdd88dccd69a35c4,train
4e134d32035e6ca17a3d0fa784cea897c7e1dedfa056fdf54b43f41c50bec3d5,train
4f27c65e4ae30dbcf61571e750ceddba2b6cdd466400eaf411d4f0cdca34f3bd,train
4f2b2bfa8e80b154c7e5b7a0a7d0c5368e29f837a97021fbcb6985830ea58f3a,test
4fa180d791f94c8ad2b19a57c98c7a6ff7456ba0ac481615cad2dbd2a4ac663d,train
4fc1b8b8727d7adfec1a86b5a2651e1dcf66f853ccf6ce6ea68087dfbcab916f,train
4fcbd5a7cc8ca4e0ffd098e2308a8ce1d0b73963e2689974c67b1846058977e3,val
503fe8d5e3d063616cff124bb1fcff5ed9f239761212cbc7325912e576e3473b,train
50591870ac5cc5348b918784c17ea496677f27f550bca6639e4d86321662882c,train
507651547916ec26a10838894f4c732daffd31a1925eaf5efc1b99ad8d10d430,test
5106a513643ee0fb0be85b482ba5fa52c89d429471fdf798240672395d66993b,train
514a4b3b6cf4e24b164da44b868a251246450d4b181621bf2f98337cedabc40c,train
51b30fc97eab9fd291ca556160b65536b04d0af4932fc3fa9c7fa02b8fe86c9e,train
51b8ab2c35f5d3e381adac1f76ec560ac900b25ddf8c645b572aa1f53031ecd7,train
51eae756e8760f7a62f991baed16c913f0d6ce1b6a122a59d66f2050534f48be,train
520d4a8d351f8df8b846225c65154b7681f7b25db85825fb083a864d4102823a,test
523febcb99ed033850e8faa452676aa106fa61747a6eaebefd99d41b1ea522da,val
524ebd3ecf04b28a0b2f4c45bc90f71df036f759b0a5c7abba2566a822c0bb56,train
5273252395dfe80ab792ab50601bea7fc3dafc8290b310151b159c01dbf0c55c,test
52a1a74acefdcca2ec39cbab22a97fd141a34fbb27de39dba1b6fd169e3f62ec,train
52c7c46caac6b73222689fc77083b8062ad981068096fc5fce5c9f6fc7c758e1,train
5368a327aa4c7f430078515471ea72681a60cf6d3c47596ce67d650b1bdbdd2d,train
53ec42cb4d065753b2898cb82ea152913cf4a303aef3e09a7d81a15fc977b85e,test
541131c35950baf978e75921ce63077da60f591f98a58f0e167b6b765f033213,train
5428af18b45869bb5752c9cf4253b55052cff4bc9f1d0ba3a2f4fc23cac51d79,test
54b21adfc6670fe7374f7a51e21adfecd141f00ac3fc1bf913b7614b39c2ffec,val
557f0bb7c04de6ce7f61470f7fe40cbbbe5341bd3ea83047343679446445a99c,train
55b964fb70fbdf7226bbb56f32a300a1c7efaa0c6ba31bddcbf7f78390a79ab9,train
55dcd8284be8c33b7390f95c050dd28117c47e1b1bee738c42954850662d99fd,train
560a8ab9f1a01dbaded75444f11c6fdaa0580cdd20e2db6375e4f514c8ba2495,test
56343b4a41b1ab4cd1442ef992ea495b8d1273b4735b2b6cb58236d403a76193,val
563ad5639625d07a2c8cf35c04bfd3a5b673bd1fc2b534db32a4dedefe139926,train
563f012126e5ef18570a512a310eafc757f7e4ed99491cb80641fb00d427a77a,test
5664a192b945cc4fffdd5a77e7a36be0c2f0d7d972caab3b63f33caf70d387fa,train
56d11ea3c6b4ac07813affe552da622d66a1f6a29c9c0e6b5ba2e1b6e05a97d7,train
56e58b4548931ff34921503bed1fb438d93b0313346eda02f0405232b4b0ced6,train
571f7ab594a413967354d6bccbc5ba92b8fcb51fcb27830813ba5a5b8303d199,train
5733ca649d248b89c3a77ce4a94b3468550758dad1294fc50002730b0421a3e5,train
573abaa1e01437c77958f7eb138ee34d371f56f10a491f267dec35a85386edd6,val
576765e3e3846aa1aec04aabb0deb75f8215ba1b6bc64bcf56c5c51cb9c66ea9,train
57b34050c3417ef13ae7f1cc95662773769bb5b68c550f0b4621af43311904f5,train
57c3776f5ac0ef6297d35038fd5467bee4793adfe9fd8a40f0fdb1cff25af985,train
57c4db3d64ab48a19babe45973921bbe68c0f74be4a969570e0d47b9b9636b3d,train
5801aee2b90a0db2419327418dfc3859ab7caee5958a27a5c9192557b78b7983,train
5818ed1296549d8ce1ca8431124ae8ccf9a6c5fb3847c2a50d8d96d826418c79,train
5823ba1d2a927a7b680934898aa3f6a08b55c1ca7d670a8ef38a2f4dafb1be5e,train
5852b93e2f419087becdb608291f8fa5307f2a0a2107d163a1d91e5808992641,train
5853aafd32fbfd863e6bba754f8dca136aee3c51a5e9d28f3078793cf6ec5292,train
587db0bfd13f6a8a08e2115b87c2fd61b6470543364fffb44303891ca1819119,train
588187147a6c0371da3c5c816bdc7ec7b0df9d6fbf3c61ac53291dac3c856241,train
588e66657571df939701e37b3a69be072df1904f7779c95b219d45bb9cc350a8,train
58adcb548d46de8adfb360b7201ef7db81b8234d00343e79936e172f7de13c11,train
58c1b80e5a01e06a8e179352c92687d7108e5a884d0531a36973200d4aea0223,train
58e1c0914399b7848c383eca8b48e56c1842d9d24c4c5ec694aaaa7d9626c60f,train
58e653d00084cf2b247995c79b27dc7d449fc5e875314ddebee05decc56b4504,val
58f3918c043dde0d05ca35a4cfeb47328efc10719acf2a0f1d282ac2b5c2f01d,train
5922d77e96480b8769ff2d83c7a7fcadd7dac6188eb7d21491a0b9223637ecbe,train
595dde2f21992fd58a3b53e18be8061f155d614ed92db2f5d400e0a0852b1bf5,val
59618c74f0f96a47a5f9dcbcb2743774aa0585b625adff661c7d984460807e30,train
59799827757de31f8a66445515b7e316f198b30a6d7d49ec576b57cd3d00988b,train
597c9981d22e37d546580a12dd0b2dc5060b72ff040b3cc1a8f55aee269be867,train
59adcf5a2bff2c3ce1e17784cf594c3da6bfe9747e7d9eb239f596d8e47bae05,train
5a70e0403409e8a0a79cc50d7a5c42f49f57ac2d180deec157e6d24970e11da9,train
5b2e0a9949b3262c20d9875519bca2af7e5b945097206242e81ead52b33056e8,val
5b3fbe4f98d8dc08198dd765851c8d7c6b0db69708968c84d2929dc39a1bb744,train
5b5293c8c59b56313242950827655e4790c842a218cc099239b023da49d266ca,train
5b75b8e98c17bcf9c13b6e73a8a6c895f6268023f40c3e386842a7bcd672830a,test
5b9f186461d4a12ab8e0db371695cd3f725d9319f9f481f81f6a459e907c85f8,test
5bfb727e867b5e679880f363bb6dd3c9df6c10b8dce2229b302f3e96da463223,train
5c3d290fa19b988eb7dde4cdcd19bd4a80d4ea1080629ca71e252f73b3fb926a,test
5c6b893cba79a2804d63e565a22800c78cdfa69eb14d17b9d3493455938b9e16,train
5cc1de2b497a10808e88f4bfaeda4ee01846d9ace651a9ed7b0951a16f88e96c,train
5cc40c7d5a9c0c2d12c65f8c2e7aced47b922241a64fbd502890d2c1b30f134b,train
5cc72e24fe2622fa41dda6783b26ed20f11a5611b1cd2edba508cc4a4dd5a3bf,train
5ce2a0b19cac49e6223b9900f3dedcca7f3ccca18f9b606273b13c1fa5225a8a,train
5cf765d2397cb9fbd9bbd124135d7b796b3f3a45e7e9f932cd1c4809a814bcbc,train
5d1e56f825043cb46e159520a310fca85e521763dc36980fb1764171603f4c4c,test
5d8ba998c62ee480e4db05fa0d6678e18006f866c80445f246429fb75d5d91a9,train
5d8ceac83c21b469d48fe08754536930be8ea5868f31db963b6134ef8465b41c,test
5dba3123fd2c98573e58572a24e9860be74f6924ca6aca1df206249463f6e357,train
5de0d8bbe7a8483060f61bf7d5520e08c2359bac309df02ba1f4b84aeb33a1e1,train
5e034d5f7cf1afd591b87c529a06060b4cf77af67a499ecd4d73d3164f98e83d,train
5e12473fd02088e47be3495749822994fed8e99a057619209a6370ca1e9d7230,train
5e13fc4abdd851430ab894482bc50d001f516315979daff86a0c0faf2fa9238f,train
5e1e7a5017431d22d0b85e9bdf225298cde2539d0f70ee2a0560fe9d338ed9e1,test
5e62d386bc851917880ed13924bc92168d6b7c9f8e3478cf60914a2e8422b1b3,train
5e69102270d79397b88d4d6b0e86a7c7eb4a9e3b45183210532e2fd49a4b10d4,test
5f1641bfe4130f1f03774606dafaa438dd899b0fe3bbdc3a101a74875baccde3,train
5f426eb23ca7af01bccf3b4c76ed7a71a70fa391fa149a0d8b65c8828a31652c,val
5f4d43a8a4b1a824f4f5abb22627920b60b728338de248ab62e79e6396ba8390,test
5f6d6b3ef8d1b67860e920e895ce9ef3788c05baa45e0c48bd9e960bb92d8c92,val
5faf22f4ab7a6273eb01b96a74b7b37bdb735d9d293603aa2031186fe6a521df,train
5fc97a8c7f7f16f47646a7a808dc27eb355213c1166fb3c02b3e7a9bdcc27c4d,train
600aac49cc30d366d4c8f3ac094c5b50a29d8f7b421518f3709fb3a47588ff93,train
601b1492811db9daf2fb3dee7887db8c3eef14341d6f2a92d174a2664ea168a5,train
604d31e5a2369bc77987fe759edeba4e7e70426743870242344c88e8d1031cdb,train
60ca2e43f96d82f3f4f07d2af44fc88f5f0dcf81810d5baa0e5a9f93685093ef,train
61217bd0027c983772cd9b431f344c6b8029e459f4e9f4986b5ae28c4084cf3f,train
612e5c579b0fa5187f9ca5982c790a89fa64248dab0f1b484bacaa5326b175ed,train
61b1da4b76ae9c1293176cc759d893ed7f4c296200bb3d86f67e5ce9b560ea57,train
625456fc32552e5013aae22692bcbd031faf21bbadec5de6bdd85a48224c1a58,train
626b84493208edb5563a72132f2f9c3fe8f02b25091c2e8ffb0fd29ab4aba30b,train
628afbcc856936c4f420dbf09e74c0c86579c99a0394efc8a1aa2f369f7a04c4,train
62a411ec21d29cdbe2933d5a2b670458a0427d0327ffee57151c014c5724fba4,train
62b145d36a6e1814cb9a6a61a2490a4093b0830dc773bf1a2f909f8fa4606f9e,val
62b374b6d26466cee8876276ab33677e3e41809a816807741ca15bbc6042cd6d,val
62e3254b688ec79d284648de61e1c8c5e2db55676fd037f96cdb4827db72b018,test
630002527473c9c2a083631bdea5f3831e8ff644438f2a1525afe459b6ab4ca6,train
631e2bb9d92087afadf909c4c024911b5000ae10dc02c630090ec43971344b14,train
632a1917219d5eb52c12899906830b5ef98ce94920f1b9cf60fb1a032737a4f0,val
632c9ee05852c684c3b4072a18cae5c7e31db57e8662d0bdff0aa628db003452,train
6365d850e0f0d5b6bbe6f42b50ef37faa5a523bd420fc7f8b8a0b79a1f0e2dc5,test
638e191e68ec734e59b41e43e872cdeee1d86f7e009e5db8fd82f158a8556aec,train
63c76ef683106212a6d423040b033216ba1ad07294c8c02179cd6f739c226484,train
6425cf6f4bf01779ed91bdffbe5e9874e0f849331aa655389794a0d7cadd553f,test
6429ec052bfa24ea1bcadb5b5df036b84021450073b19609f3847801c8877f0b,train
64525e54a1b53681869dbb2df43d93032d2c0c90368d054466f568373bbea14e,train
651e42e9d4e2f76f36ca70fbda93736423e360446bacf127c13c7ac64a67d265,train
653511ff31fd8b77f5abfc269a44a6c209d5c9f6c9a96786525984e847b3efe6,test
657300e895d7a154ebd164bb41168e18501948b5f5d83bb3ecbef256d7b9c865,train
665c7bc2ff88fbb077158546fa484e05d748b8fe294381ef9da06fec30d62f83,test
66d303907b4ca6ee749d2681670908cc8cbf215058edfb3035138a003c4eae2f,test
6713771be44cba4109283d4f3bac170feee63e161cc0a20b82262d683d7a2292,train
673579628b4b8acf5f4993793f325795c383bcae89cd04e85174ae69fc9daa0f,train
674d3cdf96bfe3ab7fd7a64b5bada91b77a080ce5ce2624615602ee210378842,train
675ee20a98914be32bd5f2184f0d10fcf1b68abeb869e3f01212061a48a7ebe9,train
676f73d80322b424b208fc6e0f260da7a3637ad321c081a3a2d25c8190026599,test
67946cec23bfda9bcbc25148d71c22ccf2f57cdba5082c7de4adfba7a535c3b8,train
67d72b6ee12ba474ec5b6e9679badf0a60a3142374e1ea56ac8f6c784158d1f0,train
680a92865dbf7f5fb175aab081905e2b55934c0f68e66786450092aef562815a,test
680e3ea693c7c56994603c7c7b59e9a39ea415172f23d3437c0bd2a2217608cd,train
687a173333bc911329b506bc294ea89f12dfd6ab85297bf3e3171c6397e25c22,train
68be3bf7db17a08c59b7ee96dab212bccacac5f66f6b665a9321e0264f5fea52,train
68dbf414b8dc71fceadf10a73b60e36cc6645464b2a2226a29cbc7bce7654d48,train
68ddab68efa2937ab31da1ba92141e808bbcd293e26b967d0cb0f7b6eb859838,train
6913b21fe7d799c80d16c52c5308f5d2a8d423390c14ac8c000a28060a250d33,train
692dd45905360b555c6f88040cbbb84b72ad605b4e85573bc13aba9b08fbbf96,train
6958dd27ea4d777ad611f8420cb36d28974a716e8b972d8f6b076138706650f7,train
697625094e7261ed7880289ee7246f75234427cb754e729f33f33dd6ee70ae76,train
698af75d856048a0f02521a918504c04c4d64b86d6a5db4ea98ef607260fa3af,train
699fde32b1cbc92e6ad51e4ebd8f5f0391c7e5ee4a2d5c3da0125d291ec4ac9c,train
69c68c3e7564f3bf6b514deb5383201d60df977da21b40f042c02cc7769cab2e,val
69cb099247b220566688326b75d70dc5bed7739d65036ec44408b9c5851835e7,train
6a011addf0e7fc851449328e8e032a1906877602739c0637d6c72399a991a478,val
6a21ae7e8ce7b681a4631edcc1e1757bf7354d2b62e79d013e3fc3c660efe2da,val
6ab157dcbb256bca598f1d5bb10d0d8feafe5efe8687580f49f0dc96e5492887,train
6ad706b42eb8cdaa58bd7df099ede87936386a76e6179134f487d277e04cf905,test
6b1683331c19d4422da1cf272b672ce01b763545c9182e07dffc8f2bfc71ae67,train
6b80bf5f0f70b27a932522eaae66f1622edf2e3c2f1294f2f69ebaefeb941418,train
6bb21a1fd043f58cc8d89565c5ca72c0bdb5921e68d44835e4782688164e3493,train
6bb6b20e4ca18fb0cb7cedeb200a39541daca4b4ec118bd41f09ad9d66627704,train
6bcb70d559a40e1b7f4cd19f7b56706def43f82d42b8d732931a6ee5446c6b34,test
6c3d680d94b70c91644799532e3b7d1a9283f0bff58b5e46f6a51e7ccbb1c6a9,train
6c80c5db99a38c0176164a65ecd4921db246743d1ebe6fd86bafa2f6c8c948e9,test
6c957d3c72220debc6f2cf20ed62df60faff3f8d54b17a0653e701f0313ee8d3,train
6cc9d0c0263dc9a0f18e4f731caf84cc8afc7407ddb85ffb1ca753391602fc99,train
6cf7084133460d0fbf072848cdee9f009cc3a6b2b31201e9471633d9565b7575,test
6d677547862f978f5122b5ec6c9995de12538212c742878ba90c0b660250f2ce,val
6d7b4cf09ef3968a159e8a5232d18dc5af4770ecda289aa3de7b5b6525b69960,train
6dc54fe6ec03b93ec48859f1609b1aa6469e388f34008cb4a8e890259ef5396e,train
6dd54d09c346ef8b689a9e4430e2727c7c477561325be70055953a1c195b153a,train
6df640b7d2749063bc8124c3f7f32d8e8154485cca7f5191f6f82be916f8414c,train
6e75d459bc4d0916014c6806a2267c95a69e64b4fd1302ce5388021bf8176bbd,train
6e8b30d40fd8cc42e2d068e48624f45999bc4e1addca562448cb0942d9f7d91a,train
6f34a69a87e9fd1f14d9cb7d5f0a8c48c8ba47d82c898bd342fc720bf34301ca,test
6f527cf64f420a3935d91473cada5625cc2f3b0a8815598cb8f1c131844a9d04,train
6fe42f9df1e8b48d808c485d33617d1deb9c78d6132918c6c3a980052a32bf92,val
6fe6bad6994d431020a18220d55526ecab5d2c6018768a5919083e28a6768d1d,val
7008332e291f90216d9356747f5955e1e3d8d574568e21e2e4d2a5a0652fa243,val
701026a6e88963d48bda643cffa7118c60f1fe10a8834bb7e62770814ce55687,train
70587cc7a9173ca5387b33673c0a36213790baaaa04f09d1615848e33496180e,test
70a01470a5089b419cd03b970cb8be7ade92a453f8a705ac6ae594e82214d45d,train
70b0f789919a843f78c014e9948cf2d0752cef2f299f014d0ae188974ab68785,test
70bd7a8bd46869c569dfcb7b681c889a49e5f34a67483df4e861b98178d283d6,train
70cf952e87e9a91fb57e0437dead66007d86a58cac3583d5cfff11335f8b50b9,train
70fedcdffc2702d72bad75f6fc1f45a1a02ad3eeb0e9775983ab66943482ebbf,val
711adce7425f9c5382521eeaff94ed13db2743af6a772f0c2041e5a158b5341d,test
71b1fbca26d8ec899c661283109b40cac698e6cd89d48577b066997c931fa114,train
72a31e71322083fea3ee169f3ec423405f4dfab0662501b4f107718c8eb254b2,train
72fa078d8bcabeeb6c57a0cbdd484834ebd09715dde3d6aeb52e55f63c78e41f,train
732b27640d2f09cd8b76a7fc618647c965cc023acb6a45866a4699e2efb854c4,train
7346ef7f28975eaee2c2bbd6eaec15f5614eebf8d37e0c9dd386fd2940fb4b38,train
738bdf58dad3690bc89343341b15bc84cad6b663e16144a97f261c0a27c05571,test
739b768e834209138bdb728c2eec0516838fa71abd5d422fd611cad1590414b2,test
73e7179e11fa30ce89b4cd90e775e9bda7a12158e76c57b4e3b21549aff5d306,test
73fc0c2b0626871bfd4342d28dfb70455190e8e69667e26a34b4c93a53e17fef,train
74df9f5e5341ffbe2fa2a17092a03633690ec315ba0211e79db60df2c4f95e9d,train
74e5a76ffc35493dd2d52e1d4b722dcfb8f30a1ef5a4c67eab0a27c0fa762374,train
753fd9d7b76cc8bdeece3bbbd634256cb8a0bdf7023b02b6c3f4fde199ce089a,train
75593fb18963618f2a3a948f2f45f7d7edc57be60b85028f4947a58440646297,test
755bace30410734a7f60376d85c831aa1b57d20c6a09f4c513b4fcac0a464503,train
757649f20685dc523d7bf57ec0a69823586bae4d88a6916b40ab363a25656869,test
7599619786036915fa117bc87ca7893ec196eb94394310ec2b1d649b43ba4c7f,train
75cb5d5307a1190dd7edbbffdcf6863910f82ab4703a5fa5a01b3b220f68f7e4,train
75e1236e197c30acc6e5af01fa8b1a176a2f1a3cadb62ce023c28ba219f67734,train
75f1e63d52a5047224c6fc94f36c968529424d405d12aa8f4603bc0a0607a84d,test
7622d94b0b0c645193b9b6327ac2919e35e51fe177424ed83af137a4ca6e78dc,test
767aedf23c97c8684b8e33a9b1268f08666747b29a7be38f9253ddd7f4d34232,test
767e2fec0ad314e6507af1dd6900ee280003d4488d3c6efd44e43597c937cf33,train
76ac057ac23e69bb99903272496a2a704d3a1725323e82a7e717a4b503beb820,train
76b4a91b9550dad72aff55dce0d9985444168283db0cb3a7d93bbfedefecad9e,train
77bcdb2b677539098057a9a757bbb2dbeec1addc48b1d0e6f0bd2f07b17f0f91,train
77d3cc75e0c0c0b36b95b2f8c58a713f05dd3637ac61d0d6ff762567c7e81cdb,train
77d59f13bc427b2d3dfd4e1e56c06641abd778c1a1c6d481b8b3874e9ad9aa91,val
77f0087ca67ae9435c3500334ea128a3f25817db61f61a0d082e040a9c1bf94b,train
781d0e5e37d86bef67b5fe6bef9963f9e952a615ff24f8e21bbf265a74ef3607,val
7824425edf2ed301c4b6f8d46027cf067bfec8894b2e3e695e86e36523ea405b,train
786578a90d3a03cd15c4292ed5b230bddb916bc596efe958a219261a3fe5ca73,train
7896c3fd109e2cc0a60c9a422115797102385df1d042b0c0183ed1c5bee98df5,train
78b8d4bcdfe43209b199d963791581f1270f5d441befb4a12ff63e9e555bea90,train
790dafcd878fe1af1faec84d806197f4401f8ed6e47786455fe2c0c91668c0db,val
791db59bc8d3b039e43a3d105f2550623b06f4a949b47a2dc49112d66019d712,train
792fb51046dc8434befecd257a88bc91749f0eb7d76d8c5682ee8c1f5738c95f,train
79b633fd2a435533425e16afd3b69b565f0cbde07675e9e1948e2f8a0070ee77,train
7a4a766703e63732435b3edd1f44e1500df14f76bfd1aba616430a8900a7c6dd,train
7ab8ab2c4d36326fbea1f857a6c3bb81e1a68ad8fcbd79ca7958b32754566828,train
7ac0c76f72ddde143cc7560c922a49ff8eb9fe55a42395a081f1ea21c6f6bd45,test
7b832b7d1b5ec8be9107cf91eb984d1403a14e1be06f1bbaec98ae746f275fcc,train
7b87651793f9b0590b40a2badb010e432f1abb326815a9b04107310fd43bcb1d,test
7bc0c1b1839e024e8bf647bbf2a13aaeaffe1ff8ee90647923cbf06a28fbfb11,train
7bdf4f60e7143a762f545a99e68a78f9929040de380700191be3164b61bb0bae,test
7c67834a2c21019a97088a0e8a35914144e3b928aeaf349f92833f40561af2c3,train
7c6cf5ce672b2b8bf384d862ff3f05914d379ccc3210b23d9db2395f2726f402,val
7d49ddac9e977e6888a0eb2d9a7cc763bf9f92f5e66b470688af90d7af259a0c,train
7d6b7dd5cfce0bb852351e793857f2c5db992d0c03e620120b3c54fe82a2bd0f,train
7db223920d690a8f50f014c6f402d9afb5d237a65de50e96553e58e788f488f1,train
7e4ddb11621b3b3274a5489fec85f84558053429117a3943d9c16fc26629ed30,train
7e739e717097303a3d1fbdd1c8a99ae31d46df4ed09d0a768f7bd158fb0ec85c,train
7fa910f0d158b30c4201631c010412dcf838ddb7e2365e77a282ff80934ba748,test
7fef0844a1f4331199a54e45e1d571bc150ad81cff03b738367a2c37388e310e,train
8017937a61cb7fc3d0f81f6a1ccc9ef31ede85d5a23dceef0770a52ae309b3fe,train
803e22f7dffd6fc8b781d196752c51f84f86516b9caf41383b15df98a2dbc23f,train
8065e7918ad32424c71d88cd724c9ab3fadbd0b0739d281f71d19193a817cd8c,train
8084c19ddbacecbc7e0d650e76271bed2fdc88679a7f82961849db9d1619f0d8,train
809dc2cea66163b025b22ab201d7e400986457631b13c2812f24b13b9e7bea8c,val
80baffc7e98b675a66c0980d1303d25a3743d5ffb00e343e384aecdcdeb3dbfa,train
80c7afb66573c9c88efd22de69e0fdb2c3f39e78ada749dbd8e2a3b1bcefc45f,test
8100f7494813c3d517fc2839008ee629b3f131d25bf7694bee7a8f9bb0dcdf8b,train
81010065588ca0d941583c1808e78374bfb58e5ac215e7e8e27bef5830913911,val
8119ff01e78463dedaf7e4b124772017083ca1632e3c7e2b3c70fbd06bdd69f2,train
8120d288defe2ef96b679575588a76e54619b77778fd5e7e5fdf471a3d1b44d6,test
812c95797d88c79235e706849ebefb54b705b69a21e4b18fef668c77861ccbc8,test
8149dcdd909bc803d33afe305d813410987d99b444970c6a1d5a1f072b68c6cf,train
81500031abceb4eb0901637a2b37473d8c3316bc87ec2a0c7bb247f2019c994b,train
817649599c679f49218a5bf74e8335b75889cf7accf41f7923a8ba6610c80556,train
81816f9bfcbf3b0376a233588bc2414f64c598a3d83feb7894a280d84732d1b7,train
81b2c94d6795c2b273c9e1f09786886282ef7a35c070a9d89074efd7ea588f7f,train
81e504af336ab69588237e5abd603178da9c3f48c24ee7501b4af25f8d9c94d0,train
82129f2e33e8157e09c339ca12ba6bf5bad4e562574009e646973f02effdece7,train
821857190efe7d13b4667faaea04d4570ea0c0a06859dcc8519924f2488f32ad,train
823481e819f2c2c0765eb13f28cb6fe21130df5452ba7d531ca1039d4cdb8d6f,train
824991a31ffaa1949d18f4c4837545cd0747947a86f2801667a819749194753d,test
82c75cc2e872f3bdc280cd7cd020761f2d6565616a1cce696dc2dae0a97e2bb0,val
82d8d7634cd83440b9b4590f4baff971b84e951e149b0b147f9df8b50eaf4522,train
832673aee736352468baec3ddfa56d765870225166f367ee98834380f386c34f,val
83575f2d38d4884992ab26e4f94adf1a6e2c5bccfc6920a93bd00558902c78c2,train
8398493ee8e6ce317918ac68409588ee52ab097402521a0e4208560bafea5966,test
83bb5af770dd2ac133b1ac47e172d61c699ab5e0f4aa3053afcf3790f15c34a1,test
8422d3df865324ab28190ab98559568339a7a8c322fe35b2a0187bb773e9d87a,train
8423fdbea6a60e236287ffe68e51e80c1ab904c3d43403ee662c4c0ff1ff5cb3,val
843908e9cff940a6f0fa4187e8a576510caacb6852751484ef8667a0b5055b45,train
8467cbdb588ab088db0608f2b3108ae8b49ea35e22311dfb36eab98317165c40,train
84794353b7bb9d98d0175e940c0ddf754c25d0413630c1acedf95cc443220308,val
84ef5a96a96d64dacc50ba97fa09b013acf5fca0776500dbbde335ab5397b1be,train
857db0f42ce8bc11b1cc1cf087baa620497138cc949e8d8ba04596ccd81714b3,train
85802426a613666f186b1a76fb911ff596625b0bd5a623e0c124961997e216e4,train
85d7c3b3e5e887e264606b0e745562749544650a562be1bf04bbeee64f119c02,test
8601a2fcc715f999e51674b550ab8176a55701052e9036ed3f56c57d04cd8a67,train
86acc9f8ebe7c60923bc9a14c7b12c9fe8cc31da0ae9388dfeb5d2a1ef2a9762,train
87c11f21402e96395ee817bb42ec3cd1ff2391c833cadf49300b7a2c88ec712a,train
87ec3dfb8614fc7602fd402d78793b822c12c5fe1ce9831d89ce48f4fc697c84,val
8835806522994de551b8f192c3c2db9a6413949c9e452a840e9be11770072903,train
8873c17b16196632b941bb6c58a3da1a5327e6be583c6ab7861c6867493c78fa,test
887e8f2521218ef3b782c29a95ccaab4bbc1a02700f9f0b644d56fb2d37b6100,train
889483fd8718d67b879af15367aa0cb8cfe2069263bd11eb73faa49483423222,train
88f60acee5b31f555541f1cb700114c84e7ce01b5759787fa8a7f243f0472bdb,val
890df0a8aba2d2427b962c763895e06d62a242dc01225f15fc9a9448d601bef3,train
8929bea3cb03fc936eb4a3956bb2eb3e225d1f93c4f88b2bf49c214d5228d217,val
895167a7a1c6356de129452414e7a0fefa8acc3e17528ab2473ae86a9a92a421,train
896e4d986d4aaff6f98c5ac46bfb5932a2033258eff39c16bfb55307b6d014c1,train
89cf390c10e504e58f6eda8cd97f94436dc20a7438d362ee286820b42b5c6026,train
8a21b644386370ffdf9452afcdc4dd2c916be761b5f5191408eb35ec15d3d168,train
8a368773705e9d70f462ad82176bf7d557a5e4fed06d98645d0ae62c134b1d7d,train
8a5e173dc9fca6bade5197ddcd7a1ab1efaeb37123ab38f45a5905e7959b532f,train
8a7ca1bd3f1d1f698e675294420e095727630d88d46193293dc56beee0fde1af,train
8adfc0adc0fc684377f09563737e979dffa777bcff8a9ce6772f4edebfd34598,test
8b0396ca399f3f7a48bb4775c4337256e66e173a1f87ce8961927c1ba3d7c618,test
8b229ba2fa6b5a097c6fc0f4dfb7aca9304ce05a759557b65e4bac9bb9408407,train
8b9ca00b781261b5bb9913914ca9f75fbbe06125faf7b8bc6dc515e622f5613a,train
8bb7c29af8f77f5a369207a1c181b3f173d7097ea4754460702963931ce63604,train
8c65dd5f1f2773c8abfff9683c74916ea3b3f78fe41de8fc7aa6aa089b0a4bc2,train
8c69ea6caa4f690f938b69cac454129bd6d61dda716a0e921b1aa3d715fd8981,train
8c795e20582945dc76dd16c32cc39a25324f764c345bb592c7eb06a7b31432af,train
8ca7b751f19684099318904dbd065b35a7e3d3e4de908d2813d39bb53444951b,train
8cbe94b8953800e86906cbf8994c0ff9f145f09fbe186e2f314fddf44b4663cc,train
8cd1cb20672f3b06e31ee4c1711c48aa77d51ee9ab7df0e9b68ee5761a370fe5,val
8cdeaa69e478c72641bb0d94492beccd336920a7e2e05948ccc2903efafb14e3,train
8cec955f44b06878d9a776d52a69b98b5067a7a8289710f6f9c749443be419b5,train
8cf1192c34dbcb2be44c81c4ce73b034ea75f4c62886afc552096fbe1c9a3e83,test
8d5a47a292a5164a7f1199479f92b55caa2848bc677fbc7f0b457f7ca1d4c6e8,val
8d8988b9a9cf170fbe1129c9cd0fbf39e4ae7f8a2994b7f470e4265065b01633,train
8e27f63c202fc42980be56bd5d33c786f51a477ba5ba50edeb21d49fb106d69a,train
8e3135b4c799a5f16f3969b2b16bc0a925d0542892c75543a27d972b1efb638b,test
8e9ccbae99d0b962efaf958ad2e63e5309248b0b52304fc3143cd5a0af679c66,train
8ee00399a1f4fd09d249598833a28d99c558e683798b758c99434875d8a14a99,train
8f1ac1e048c919358885e1eedab759ee62b0440133abf0c63f5e7a6ea914864b,test
8fa3617c16d3e9acad4123f6bc9b1c950d22f1b8fe57b6fa3a3cd3294533d859,test
8fa7881ca52e9c9337ea5f993e90824e1eaba96b75d4f55228694c8856aafc96,train
8fb0e9f543d55a2b289c7cdc6e880990b63fedca493b07b9bb9d53b166727038,train
90242c3008123ed1c9378f57354ee750a5fd45cf67fea47d7ec5aa42e9ac6e8e,test
9062d254feee94d82abb698f27057392e0fd1cf6402799780b8011964ad0631b,train
90714abcab2e6a3c6066d7d418ac86ca0d7af2e619cdbc45ef12cd1329143c22,train
91060514adaa0f6e9e34256f0176b696c22071adbf6bf0c745a22a5b7bb8e03c,train
911d3e982b7611d41008438b4e5f03a2d2a25fbb7fcdb96052e9ca9a000d63e4,train
91722c25ce8b04cc3c9c6a19a411a8deb14e14ddf994c1e3ce1568e2e5d5cbb7,test
9177ed964e04899c9d36aabf0fb8d59df7296fd88609f924c73b7148dd63fce0,train
91b65b656863bb8e48dc3d855d78c8c596d6dce5263e38b639af8f50beca65d9,test
91d09bc66044b449b963c21939152b2c40610a3a5a9b508a1b1b758dc1d1d93a,train
91f1bdd6cd51aba27c0d65f3cbefbc4d1afa93138135d5952cb086e8c87fb11f,train
927e26e99cd7118ee514299270700bf2e2f2900f6044d16bf30bc1bb86c4f171,train
92bf43c12cf467b65272b01dae9bb428d82a7764f8270df16c5328b5eff75642,train
92ec53a8d7f8165473fb93b60e70b64a42cdf0aeb87c7b23303d29556eeb30bb,train
93505e4416ea5e8c068f6f5528e973319cac87616957374e184921aa3e632dcb,train
93df28be6b4f5580ca19a0726130071ae9292a18743d3bca0d4aba8a34bbde20,val
93f61a21c47fce7b00bacaca5699c09ddc16059caf7c4cdd592e9fe23d8e78e0,train
9440261a276df348889df18094c05a1567b28c1663171d7f75c532ea5403538c,train
9476efeca4b9c21e8f3882ab931167854bf0b4f4701f3bb0f7901aef6e1b8f3e,train
953a55b7b08bdaad3f50b1982cd52374ca352e263b6c643130d6116344a170bc,val
957780deb83a4a34d748d840e4361d57b323ad2d27d44121cc1effc0a4d952a6,train
958c2fd6c29d6989f0f016e23485e3d2ee0bd79d97a68d75a58abf37ab5d2caf,train
95f3651f1ace4870446bb29b822b7cf193ce9cc4dfe94b2818beee9bcd984aac,train
961d582ec80422c297018cf557c99194f65c6f30fff7b85f25df3c08c2e49c05,train
963bd7ed715c954e6b7d1edb431164185672103c3043a9ff814395ecaa30dfe1,val
9641d7067a1e74dad01a4e7a59f138f0006d0cf08a3d9af27f766906a9e5c991,train
966bcfbe9cedce629991a846134ca65a092c399e7797dd2ba607e437ab3dc232,train
969248bd7493b3e7b395e8f8012d851f11acbedc3011ecaf1c94323098a5a00e,train
96a10a54942929c81bf0cbad75e2ff82f139e28b4ec5b2c6bd9f84cff5e58018,train
96a90a4beb27d475b59cc21f91d5624c6d52606acd53535988804d64890ba660,train
96d256723a84a463bf16f63e911d9730dd8fb18d2d5cb1e938a55c7cce53c44b,test
972d6db8068b3cef55776fc4873333ed181535dda6a6f8dee0b70d3e0a0ddf12,train
974f372c9c8159f062566eac4aeff8736c2ad861ae6dc90435ee03763938742a,val
976b22b5aa9d9a6ba24f5ca7709b8166c0b7a919df7ad827509bebf425122840,val
97ab1b580009f59caf78ce142a431ff4b8d5adb18838626feaedd92898d8124a,test
97ffc9407fbed61eeab0ad4c05992fe61ecd60b3f5000b718c7dd5d7a07f8681,test
982125c88436230ccc7e0f9f5b9a243059f04a2d8e709f66037326025cf215ac,train
982263415e3d371e9b17f78bb159ba330f3eeb89a2b9d0463f5ea16d828ee2f0,train
985b504340da327933634c2156254a2ac657d974aad82752f62b8b2b59bf24b3,train
993b30503257c19ffd683d698217d2940707e6fa104257d87335cbc06c7da69c,train
995a2c391e9f88b31882cd0adefb70fc1f21928859f6d58efdc7b3acbacf8aae,test
99e6e38ac51ca28deca6ad0cf3a3fe9f2b509ef22fa93e2dfc1f97fd5b0e2a98,val
99e72436ad8c8129af01a9278d3e1adf7b593690652ef76890518705ef31b971,val
9a42f5f2f06ec746a57f5de98e2622daecc88287155fca30fb742490b39ae404,train
9b0af0f1df73d6cf55204b982d16019336151fb0010d2ebe3aa7e923b9f8629d,train
9b4bebb67af44515488dc8f9458c22f20444acb861dc8ed4cf83713ec2656b58,train
9b83054ebc1269f5ae64136a7aabb94138f20feed49e832ec8a2677a82305623,train
9be8badd13d0b3fe596a8478da528c2eb52d0da1dd3ce8fd50ed7f164b778160,test
9bebfddb34f4fbd04b31ada3cffb145d953fdd5cfa76be678e46c36c7993b526,train
9bf1aff51d6d6edc8403947d945c6e6b5a3c8f529cfad41838cf3f327b32dd65,test
9c1124b2c04ba0850607edd9d9c1fc818ef31dffd08509909e623fd7e65f14e0,val
9cbcc61c8cafd911daeb14c5e81129533b7852257c2c99d61b7996494e5fccb3,train
9cc334b9c9b28ef5d66466038fb7a664a14d3c5e253860471319e7ce5d674aa4,train
9ce9f6dca2a30ee3cdc93e8abe5c543f90fcb90eaed6d58f5a3df9727a5f50ba,val
9cf55568aa15de5fa7a914e9dae539861396293b190aa45943d348bb7c8790c8,train
9d033a6677f1f28c6b8a26b268fa9abe9d136150b6a9e530493209313510aa72,train
9d73e5019e22cb56ffdc2c2a9b5d66948aeac92e525212d3b16ec71c6fe9b78a,train
9d76a3cb08912b316053ed7672cb08d307ca881e6ab0a0effffc9e6c73e24cf4,train
9da3510cb727ecb35bcb6eb246ff054fdaa498d82b009ba76a189138c8ed9cd5,test
9dbd841f04a2caa01b94516e81f8bd65b4295245d772b8e111699ba68835081b,train
9dcf56b55d0519e1dc2cb74758bbc9497de2eae85a2f7b19c7b6e5e534b04e9e,train
9dd4dc1455d362d284ec8cd8b2b8e99a92d2a844e954c9f064a9c07f78da88bf,test
9dd5f0626cdd6f61959c4e7ae80a2b61a531a5d6710a71866ec00b41920a87bc,train
9e168fc0e611dc539e8b6fbbaf6181abd472f81c3d2ebadeb482ee91c9e81d1c,train
9e29a5e8524a1378d1ed4e8acabdda39d38f4c2081e608ce1bb830cbf9d87410,train
9eabf38b1cfea70a4dae94799719b29ba190319a93048a4359b183d86d2bf2a5,test
9ee9810950dd06f098452f279a6ff9f82bcc901cf2d9d38ecb41ef746e448df8,val
9f7a574c74cd4d64b612e9d520a04438cd966363b34c77db9b77e878ae6a86e7,train
a01eebee4e2b9eb875777ac8baebdea231bb62e7197158b8fce80d720cacae02,val
a0242b38928c5757db967c2dddf75efc7577c4fbe6870b76b00691e4cc3636e6,train
a0290c34bc37adcc5dd95ddcb23fdf899a6b5269954140a712c33e235d5f6426,train
a04d007401a0caef3efc2cbfe41bb8e2a53591517f8d7049bb5b740f3eea6834,val
a05f3c9b7580acc643a6728db1cbf9f55efd3b8e8b1c46fa71f02a7c81cea82d,val
a0ad52bad76b3510cec18b50dae5376aaa0a02019bbc8e0e57d208352989285d,train
a0f14a9119c1b8507ee108c1d5eb2dbcde63c8f2320138dc1231b224bb05f5b4,train
a12da5f9a64d5f67dad1d8d100418b97c183ee440c2c943b66985328118e3ae2,train
a1a4c873c68756929cdc5292ad6429be92c5b79343fd3930a8109f43908d7e5d,train
a1e38d950032ea80e81c3cd19dea634b16b8cf0cc2c0a4f912c9f9cdf0885711,train
a299bdf641f1b67d150219dec5addbe912214dc74d2ab5f5d721177e6762f9b9,train
a2afa8f6b53f096a9a5860f469f64877909df727c239bd2c85255bd99dba2e57,train
a2f16b201a3d186572888fb8de6dbecb4d69d97e1a6c3a72e2b7d2964c3fef19,test
a2f2fcddd049f8263cad912653b22d165b237d4350aba9725332fa28c1c6f667,val
a30303af2e7573233fa553acdb1ca86a6cab6e78ddd0a0f8a236f0e9dd87ab6a,train
a3985beee53cd97639908b8d6998fb33975b025afbf57b8b6e76ecd294be6142,train
a3a68e44bb0486d9bc6112a2c7ca4cb3d3477b7e348dee64f80a28ffad860713,train
a3c127fe1f9effc48b75384a818b6efc64c440bbe524417e178024c9a462a786,train
a44244555cd45af77f99eaad9f00d98ec187b1e305d32442fea458e2c7af7562,test
a45bc1025a67afc9158edc3ec8f2ff425767a9791acff37eba64810bc0dbdc3a,train
a48601aea76fe9154ddbcab7def8a05e8f674e8411c7b6d2b7a39393d64e3547,train
a4b63849d2af837a91a03eb38e1e3ce6c14b189fd2fdf57e0e5ee54c3a22e679,train
a4d213babb114f8aae809483d6721fba5b879bccaf895bc1878d019a91aedca9,train
a4d47c888f88009008d7466e9083f2513beebf5db7e9839509220f3664ecc730,train
a4db148b515479ac7e211bbd4b9287cfa58a00e3214835a2e56a1a957f162deb,test
a5129aac88f4d8529624c4b6d6b814403d75d80c93310f806e93b117e4e8a3bc,val
a526d400907c44b992d34bcae0e7da7cf57193ebad887ef3e04fe1fb3aaffed2,train
a584fa8ddc42113e17d7023fedfd4d4d29a028672054fbf6c3784e9c470af75b,train
a60efe86f562b998dd76a662d80baa8ab33834cd7a6795b563a6167badf8e679,val
a6b43774cf7bbcfae01013f7efb1a92cf930ee2ab5a2c73b94555091fcb4a350,test
a6bd50b5afc791de40e5c424159222e9b15c21275a2218a2536e367459ffa7ab,train
a6d279e43ca17868eb5b7e08da29ae9a60ef634a94854a00cbdd3cc3b4e4061d,train
a7abedde777694e83b84c666dc3ca2f83c459937b02b6e760eb3402cf49e1a28,train
a7cec110a01fd37ea0eb27a370694776dbc11287f74752f80370e8701d9ccab4,train
a8134083e7f1c21d40738bb46e667f9696310f20233ecf66c9aa94ead3b6aa13,val
a89d162b7921055e192d71d7ce69e636f26d20ed6df5424b4b66c03f1798e60f,train
a8e6b6ca111cad4fd0d5645307db4f6d3f3c02883cb22e6f9d1acba72be3d08a,train
a8f1169c974064e0a2a3af028234631f70ccea795b273c73d56779f441d7d0ad,test
a938c9c7daadf2bd77b1ab4048c6a99be67f10746b6cc3179e4cf867c0f7b611,test
a964bf46bf78988263dd7103dd81010e799e46eadbe194edc2703ddb54e41371,train
a973ed456191b9481ca4d29d9716d8e8eaf80e4e27eb4f26daf6717014d69947,train
a99d8572697b9265a9e3817bfd7fea4fc70bb0c33932642167c822c425dbaf42,test
a9a607cad74a0c6b8b80e2546f507aa3b3fe7e260d82512bb2eb9bef3e37a663,test
a9cf6d3bd08cb631ce7883578168a26b93342de06fd0bbac5f6130a88981c0fe,train
aa10f808ac5d7e96fd0930dc68a66abc43fe875f1c54e26de758e252191ff787,train
aa42f346dc1181b07f4b8f6b9671d3b0106803fa4ffa91dc4527664dfddf7288,train
aa8ab6cc12823fdeebc9034b8d5f7bd8715b576405c62f1d80db8119ae84de37,train
aaacf23ecdfc0f486832e43baa7c435c78f2fe571fdc52e5a3ab10ea615fa954,train
aaae288c3610806e79635ac5e635f3ffd404e9a86b5158b33b96ae97286b5aa7,train
ab64d1882a8b571ebef7e56f5cf1bb1b1dc5136f13ca4ae7820b28cfdd63331a,train
ac0574d0d9c4c493035f928ba81c19079b1d5912594076df01e646ac4d3df354,test
ac5a08f444f7ea68b3de8aea09a2a0c61e0772301eb9c85028ba514ce5c7ea19,train
ad69b60c3c14258fba61bb2e4beb703ad20de138957375cf6aa659b8e731e8d7,test
ada6f35cd3bfb06d4d9799ae8182384c3fef4f80064c4af7df7c657541cc49ae,train
adada91bfaf8bcf674f851ac6d26231c3bdac2d566f8ab5ae0104e13ea8572a0,train
add140c6d0fd495e7cf036adc320e1f7aa04d467516b94f6ca89331ffb7396a8,test
ade24d02d4564c4b72e934ce6143aa9abdbaeecd997d4ba9ccb8537101c4ae53,train
ae04f0546b234de534a7fcea6b13f03d6511de91e1b14926189331b7a2ec204f,test
ae349a1cf356af0b810f687463c46134066785f9c04b474274bf6a6dd39b2fb3,train
aea0ecad7aa1315385fa4af7588474d7ed4f6e2795adb93864114daa50d210c4,train
aea48c22056430813c8b712ac532ffe221ad136db03b52b60219e6718952e211,train
aea74085700c55b85e8fd2316c427a3b55f5a54b37911083d10a9e7e3558a585,train
aef1dc3e86fae5119d8f3a47a0bbfc5457b249635be2611722a5f4972799c2e7,train
af1636fd309d5211e909e2632c20357cd75935e49d7fe706bffb86a86df77b67,train
afb36fe1e5bb1457247e6ec5732b4866d8acb82781e7cb62ecdd4a4e95645a62,train
afe7d8fcc898a7113c7b630566d2e570483b385e0e69a7cd1cd3041297f77f73,test
b033375a6c8c179027a0fb7a8c55bf55867aa8248568fa1659e2dbbcf47fd9e4,train
b09284b79976477a8133c73cab29562d45caa19debb81f6a75fb87bb60f7777c,train
b0b2c573878de01ef1178c9566935b416ef2e137891207c19aacbba73bab1c61,test
b0cd87f10572453b0e09f252870269fc380945d6b5dbece99a862e2b4793cce8,test
b0d7f47282a5414052139478ed6baad71f61a0a320e5ddcbf3578f81abada465,train
b0e00637a090544c6f3a02d341021818db684118550b5247d0796a7d49d254c6,test
b0eafe71728df232f58f649553a288a290a5f9e13ba360bc0ef1d6cb580d4bd9,train
b19437cb83e10db4e982f56e0cd10bbc6ee2d60eafbb286320af679f087c8be2,test
b195a0f5d5b16f0419176c201f17c8b8ada3e877b3ed33d9d0d2f345f8fa8668,train
b1ee42b9ded238b4f80e0fad1e7a7a9e12f901ec97c77ead6541a360c09e8acc,train
b22eea5497102ea161c2ae1870b10d8cf83546470c169789c6252419ca65240f,train
b2526c3de54715fe5af4f78e7b20ba17f9f338b8e445e6123343c1dbdcb150ea,train
b26d383c695bb94c017b9bd195968b3ded49fdf6f04b9881fb511ce806627e9d,val
b2fc240d6174a1d12c354038dbb0686ae4d68287025b015bb8fb00c55d9115a0,val
b32073a8d352b125a28deb347af953fbbbe8832f21d0f68a42b3edc932f8e5b3,train
b329e8482cb74ec19e65d05c3cf70d1fd02040471e8ed39738926610ea0a5b50,train
b359fb269b0232db7ef608a8bdae896fed040e23bd70d79ac501b78be7b419c7,train
b42822adcdd0af006551ad14705d545ef50de8d274d43c498073a9b25bcced01,train
b4c48c7675063f54e1204f713793b1a21e0553a083d86cca76461455108a5dd3,train
b521bac656fe330b72da798a0a56c114ab1c1dd136113d3eeacea62d644cb308,val
b558d58badd5a05c5632bd4b68597e5c5543b78891037762dea6b29b4e03c328,train
b55c5aa4c51752ce93312bfc4ee3c3f56e5168f1fd80621550d22d0b8aac2006,train
b566c9b2008bccc4e3c047d159864435a6606b3fb89a69437a693a8461b53157,train
b57266b39d2038b67dfcf3b45f2e630488c5aa7d8a6d5fa7f6172e93448ba1cd,test
b58de9ed8a9ce0f7a2c37dd26b4ec61b50b55eb979f1b8a8261c51660fa4fa87,train
b5be14f51f3c56c9cf98147e6e3cef3d7af8c34355992d3b2094f1d864cb6822,val
b651d09d2fdc38c77e49583b86809234ab65c7b4ae75249981f0c15100967829,train
b676179bacaf5055b9f445b545ffa07743de136594c17c8869d3334fa7f9512f,train
b6e4487ad1f3881b26e27106e4d1de3a019dfe214d2f0c38220a0034f61252b3,train
b74da24bb910b341c73727ca051c5ae3045175588e43f52b44686948ca4e6ac9,train
b7766f83125e5e59e601e6fd62c9576a7fb94c16087c67b741afefe9a6cc5c44,train
b77e1563d942b1542ff33d6c204e63feeb5f355c26eb7894c4b5e79b7b08f025,train
b79930214782b0b4ea31a160b7350f62a18ef4fdb9c268b146c3e31b67ee21dc,train
b7c940ab6f3a49b341e3b7211a0cd1c4f13c352c01227d67bd7e95f46c43dc92,val
b821d15920450aae1ff354d988f3349bf8da8a7abd5249570846215b860c405a,val
b8685a9782060b5f9f1298861d0d068605957488a7dfcc96a212428e375a7852,train
b900de3cb57938994e70e50bade8a529472b01e90f81f6c3d73b40f075f837d4,train
b9330c49305984467b2fb0e3b537d76e1c8fef295b2a5add376d084055d411a4,train
b950906b5152a9867b1fcd1d803f510de29291be73c05f7bdbd80854473f20e4,test
ba26fab507f4d406bee62ee209a7ad17af100f4c2e345ed7ba72d1627231e03f,train
ba84e5d3ece23235c34578524a3f4ce84b6a99cb181d3d8eac04866cd52cd502,train
bb520662e538d47cc1afab970b4fab762f72eee48d1a1a069bfa36f5b5f7fda8,train
bb9d4125a5d7af37ad1d5c97e9edf2c5631e60cc9da29ea0be1b44f1baa234f4,train
bba2b23fb647490e874ed5bb27bd3183d5a4a1ed19bfb18586434e99efa6a54e,train
bbd07f29266f56d7de901442de9739e8fafd665587179d2c5ae8ff74e472f239,train
bbf9aa0c6b76b87e4325b00ac731db8f860456eee6f79c1f9adbd004ebef81b5,val
bc036e1ce5213d89f80e4198fdde43a60cd009f7e0cb92ea7233d4cf43d99124,train
bd97f0f6b1ccea3212b49eeff1e966594a070bb5a23231c7ac113a8bfbad72a5,train
bd9d57ad7d12faa099f96921822cdb12d6cbb39904f1b7ba649f241dce3dabba,train
bda55ae5a02a1f5adb3a617e606efe622dcdc9f280300c80b4752b8fede2a2e4,test
bdba58bc65b21dae7c6f0643e085786eef24ee223785be2b47e16bf01db5b220,test
bdc1051dfbf9778b035d8cd1a870050bae2b04155ffe6046114738b9b2e7a6a0,train
be4e48fa611d28e0aa381b6c4204b79d50571302b06460a06da345ab91e3689a,train
be56b1d389cbf7eef9777831c5d151d11ed4b925bb18b663422cf07252f40cd6,val
be59c12656b58fe7ed9cfc5bba5088c6c51a7326923f9eb68b8bd1b14059b63c,train
be639b5a5578453b08aa7d7d8972343b5a34d73e10af5c272e8a4504c0130772,train
be6676176aa08b0e8e51500a20850dbe5a2d390d2fdd08bd9c353b869fe90d23,train
bea5251fda0927e15884c4d3c23eff003b633b2eda952bf3e5bba1788a9ff722,train
beb5e0fdb28c4bf5edbba279eea3b46904caa398205b7fa96870f67c8b280b58,train
bee381b8240bc1856b1cc358f3411b4cdf22d989d7aaa10e23c22bb9700f8287,train
bf4dfe8cc15d5fde9b8127a1a4c998051068765c3c3be61b6602cfece58fa0c2,train
bf550196d354e7ca8c8fd2eb8776f364624b8b5f27291477be3eabc02e211e6d,train
bf7ca405ecd621a645c0c9572cb95ad7e9dd2f251d800422e34093425cea4a2c,test
bfd7b619ee2cc046352ba2389fee57e889260c7d7ed91833f0ebd773817ceafb,train
c01e611ccfc4eb384cfe04ae3002645e491dcdd0af3b9d0c0ecfd25736b9f1b0,train
c0899411877a951702d1837b17949680856db3b453f5090b2e63e4110b642175,test
c0b30d89605c02c5017f391ec893d312cafc53be8501f739faee740341426917,train
c0b32ce9e6aa9504105d4620ae864c29693963fd38f220b1095446244d0edeb6,train
c0e2e5ce87582480ad20f87f8b9bb6fd38260004c9c34b6ca19d82d0aeeb1bf9,train
c11e89e62f4e3ebf496b779ecfaa906a57c1a1c4e6ad6445deaeeeb29a1d145e,test
c158cdfc535d5f5cfa9d48cbfd557b8cee97929330f0808cdfc000a6fdaec521,train
c17dd1719f28026e90d15435919928b3b00d5352da7a71acffc9b63fa89b0ab1,test
c1e2d44b42394d7abb9f80c8c8376d71af02345cdbfc533a8642db22527233f9,train
c2a9a550b08cbe0404ba04c03edf5865b019bf5482756e09af10c7d4cc82306a,test
c3195e2f224c78b5d1a294880a9ac704c8ea79d91d127b2ffd1e9d491e618cc6,train
c32f0e6f6497f8308c77faf5596ef6cc98e1317b3e8fe80b87d64300f01a0084,train
c3846e3c192136daf69089b8bdb201b77bc5804603d756227a3d3c382c90913b,train
c38f8027a11f66d278c4c9becc9935ea2ba580d367b6f7e49f7550cd025cd0cf,train
c419b7acfd84a23e0feb532d59b8fb4a8edbd47f9bdd0a605af7ddb2213b0de6,train
c41cf9d7d3f5b843df1ee4b347ea527f78efbe4af3a1ade29d43554e7f081173,train
c5787f397c1e1a96b04edd3502c8ad5c4f5e7e88f41bf341d6752fd9b4c8cbb7,train
c60540bad8bf801f2f7ba2b8be94467f007eabc058124c122fde16a78c6980d2,test
c65608663e17bd304a2a1f20ee6c9f68cd5f92ef31b95ff977349c24b24ced3d,train
c65bc8551d8f4ce3282ec3c91961c6fa618f6a877c875877fca93894270c718e,test
c6738507442cd13f2a75b4bd7e480f02193e418df6848bc7f0af8c80c03ca27b,train
c6ac43cf52491c08ede448e74ffa3d36fbe6073b3f9ef83eb07500b1f727c059,test
c70c8de3f675f8c5600f17c318bebcee39f6e6db98ec2f0696ec2ba57cf6eb11,train
c744286c72f5c4304b1a1cab98afd262af989811235ed51e41888cd152fd9b20,train
c76c579624ec456e411f8ec3a3601bedcf05276cd472f92f1145a17df5293a3d,train
c7bcb56ca5fb4351612b8a0e08f6c774b8fa3bf9420e18d5f9a8d21110810e24,test
c85a33924c635c0086812389c087fa82f001d45e4a48d06da0a12c7b070862d0,train
c8edbde8cd00826b67360952159124a10a875027c1f164cb41f9f82ea6b2b9e6,train
c906835a0d8f64cb5ef9802f49ab4796b9f23310b11b24edb62a743fee4cff5e,train
c95d840c9ac5873b60fc4674da6b2d1bd9ce9fe59a08c6b1ee2fae9d23770c31,train
c98735fb0bcc46d7ac836efb7a9f1b7e7fcdbc410571745cd1af60766ef1babf,test
c98d8debcae0b403e69908523a433679c1bb0acd3c6d63a2c142916b67b45326,test
c99990f6fe7b9c68642e553aadbe5c00b760ca8c6b80bedff9ac2d1c4edcebed,train
ca2200c2694df8053b9890310beb73e2a586885e395db267dddfc5be99a822a7,test
ca8c5b0481852724ca3104e54af780f47c9f1060e0475747c68d557ea690017c,train
ca9bc5b3f3559a28eafc30d95c2b1d973905c44456d7839b6ffca68d6ff08071,train
cadf5216e52a596dc743dd49d4d0cf7c94e0ed8c6b7396b852f4dfd190d69634,train
cb3b4c8f536599f0dfbf336dcfaf99322a7e21c56f36cb98ccbedc42bb0d612d,train
cb8674eb672f73439754a8a307be316f27a4e5704b8fbf30e083f77d391d17e5,train
cbbc50e0d689a44defe01cbe291220c21c41f35f51f4f16129fb95c936a89185,train
cccaf86d31d7e110b1f437f6c17e6657391b43777c5294e6ab1d247b6c710e8f,test
cd029142a519abee229c107330174824a1dda2a3ecb7c03cb13a570e9a4336ab,train
cd750a33ed3cc869d4e12b1bab299d364cc029768284d1cc9c8f971c399e79f9,train
cda7bb46de248841624a4b2271f8d938bb6f4238345d3426523bafb9f728dec9,train
cdb9240010c5b802191a5e4a02859877cc0c9bdca8acd187fb1bd3f265dae80c,train
cde85984ffda251b3171310365914c347e27930c8ed959b37d4ec7ea6f5af3a0,train
ce07b38beee69feff4724b6f35e4c432257b35228dc08f7917b25829450f0c2c,test
ce180ed14aa0e681e678f1127a403516826ce4d2f59481d4aa2716ee9edc6ae3,test
ce9be66804ea68cbe080a7ef1c5b63269172c41747f86fcdce0604c1aa5eb9bc,train
ce9ea6aac2686a8822dd2435d5856082f9baecb469b4ecf7d5f278246f80122e,test
ceac8ecba79e7c98b06b0e9d7e08919cd3990f62da73c06971e9b27ce096ebe8,train
ceb0ddbe704c297478ee0407a757aea373bb5907f383bf8990ee10b29688c1a3,train
cf7c6b74ada079877caf9dee5f4498bb97f111160941c78b998c5013b3f9f568,test
cf8b35986ca0950813a637bc01365d3bba574ffa06c7a4446af76fc8022262d6,test
cf9cdda0487f5a02fb05098196420a008af3a0b0d2fc9fdbaa0f640a4f98de8c,train
cfea06c5026d6bfdb3f72a5d5bfdd214cbcedb7aa10ee7aa487111bea9a65471,train
d0019b01f1d7c2cf270cf7439cd239ec9b310dc6598b0d35e46bf1344fb3a009,test
d06fdc30321095ca142057308bf3ca1ba9164e879a2ca4cb63da9c3dced14390,train
d08b69ce509c1fa0bbdf55c8d0988363089b3798b422ebeef4631d681cab5059,train
d0a70d951d4a4b712c2f45d302e3c2cfc3facb058dd455787f908c63f80564ef,test
d0c82ba0e84765db596c83e500b46a23163b5996ff568de5a0dde1edb3fb5d37,test
d121b2109174c240bec95c5948ab53f12bb443425ed4b5e37a9504c28be22587,train
d188f5b900da52486303853887390da8e12521cf0782ec5b7ccc65d834c93332,train
d1db4ee09b96f797b1b23490003326dc5768c014c659c35a0a1c4e1fb1b31d53,train
d1deabd8686c866f01fcc891b1f4c7913eaf3d6b638bebd6005fc4ba9efdd414,test
d21f9d117a0e569a03cecdf59c354b9c1af5a9271353ded82bef220b4a2d4223,test
d274b0788ca3e8ffc6ddd38de75134724acab4eb93273fdca7acf69c93346560,train
d2c1de0575b80226d366cab4e3e4ff5f20e9dae636695970baef1871687f5b74,train
d2e9981ca53f88c45c61465f6da1e0450482c2ad5a4b7d7add10047a57e2ef6a,train
d2ef855bab5af9d69c7408e4dcde38fac3c5a6aea8d054a72920a1f2d6250b5f,train
d327f494b0699d63d5f3331b65ed989317831a611e2bcb29dda9a50aa480085f,train
d328526f1196f52f18d3e61ff00d5a1cc932c1bf2024cf28509e208c4150a731,test
d376e332fa73be879d19a858246a2b62d6e35197d377abcf0c1c8b66af2b2ec6,test
d395893adddbdbc88bcde736d5f50f5133702cf507bee1e4d3713af86f071b7d,test
d3ea2805d7a62938ac8102873a4c41266f01c33eb2c78ab877afabe160a37454,train
d4815ed6a645e3a02032d96278626d782b42cfb070826b649aa4deace08c408b,train
d4c9d8640ccf26f34df2c9d32662cda72c19456c897bf84bdf42962215dcef5f,val
d513f6aa0817d07cf1d7bb732aec12dc14f9ded15e2a579c0fbad403569251d2,train
d57aec2e5907090c8ce9fb9bb10a13a5c40ea1906c888663700e405ab1d972b0,train
d656bdfcdd509eb8b23636645f098a01cc5feb7b708ddc63fd9abffb5b36f0f9,train
d6891d12f3a2bf35266cddcf020b11ee6179e3d2f59c694760bc0c4c8a9d7958,test
d689486e1f2e22921df3b2f6a4d6be4f2cee71cc7beb0c1255adc141db13629e,test
d6e55a344499e9d4e00c2969fb6a836066a8e8b8bcfe891367e2d24b83fe548b,test
d70b3dd6c668f8e0302573226b8d4b78755e2ac15a1143e72cfad6f2d71951b8,train
d71d53c4efff2dbe5c6dd53f40ee2a86cc01dc8b69a1e354608c5780530d4c0c,val
d722ceb7a454be581f647d35c02b7d3aa6cd80e2eaf6bdcb50d00866c7196687,train
d7281fa76636ead3de9f04dcfc505cad50fb1ffb38e3c29be16513bfbc39ced5,train
d7586eee247c7418819477f066bb6d8e7696d4fa7892b142f632ef9f52e9b5ee,train
d7d057881ef7fd66c22366ece0eddbd288b25a825dac1335eefd2c985ce71bf0,train
d83d66db3a35e0909539ea095051de014c093fe0aabf05bcb843c7ab36649f7e,test
d882afd625285c9a26bfcbf64df2c6516e01600c17490f4d047730a039e26f10,train
d88b03b0bf8d2700621678e268846476eda928d94ef5ca4bbfd7eebde2d6edad,test
d8f30d6088b94c0ca27257aa8f6209d78edac22e2f68f40963318fa22983e15c,train
d90233a0157889a32e63df45e7e934176cb222db6bf1f9fc16b6d27ce65b1d49,test
d9625618f1465d072b63e9bb86e532fd22849be72ba002eeec986f929640cfd2,train
d9674342545c83150fa67076736189c11ca84702fadf8f8098dab01c1fd8e0ae,test
d971213798f0b9dab969397bdab10e58fba242fc959862e29008a580f1d845b8,train
d9b2674dc06b83166043d4204bc3c8a9e1bbffb7cdfa680de95c0dfc8b8a24d4,train
d9d168b93357a1a5b77ad7436613147563c59ed5d528547bc722be2680d60cba,train
d9eaf9b7f578e7bc785c9f18cb8a2592ea08a3fa48896c81c4c264892a70e298,train
d9f3d5592b08cdce5585f30144152fc5b11e3eb05fb157824a12960de1e1a084,test
da2570f1bf2b7c70999340c0734f330a41dc9cb5fb4e96e4a9a67e48a421f2c7,test
da50905ffc94d8d5052cd48056c8be08dd0ed02bdcb740198bbfb42ee74d7b27,test
dabd9a414d279abf7a1b63d37f4e070d21e7016632a85186527453b67f075a47,test
db27bd0028fa29dea69195971e1142bdc8e096fe6afdb084e14f679870b7c1dd,train
db549af617e623f2642452e31230eeebd6bbded077ab0be60cdedb620e91632b,train
db93e03de2425322ba41f6a3fb29f76eacfe47ebb5e86b864db0a1f2600e1605,train
dba7b34989c55a15f4e6f493c0b0af07d825d8fe15eb38dfffc276cbd21115bf,train
dc5efff362c5f6a1ef2a49a0e2060ad1d831427d2bc1a19ea1c9cd8f68a872d7,train
dc63a8d4b7ae9c4f4e15c773f3fc14184628181cfec39467a383d5a4f5ef69af,val
dcbeeb143f0609f7b466c3ac4b88c24fda83edd525475e283594c9fbed0ea1e2,train
dd3356e70d40ef49da2fc345a7bfc43786d3a403dda6ac4b0890490a29e62f43,train
dd554f6dc2887217174c00b15f9aca41470d471168e34f00c7928cf9e6b65cec,train
dd8638361b418bdc062e2acac70faee23555a6d8d2650a13c3205a6361b0e914,train
ddd8af246b3e98b9d1729fba2fb63ac270694bad9dcaf1d2790a59bd55f7e3c0,train
dde08bd69ea844ec4d9c03b47e0feba7d2934a326072935190ef2e1c4080d553,val
de1e06904d42c8be596154cf6858009db2518c54de0a77c0539dd1598fbbce81,train
de2e0b6f587ba8e822a1fc39bbcab80ae65a21769f7020db80849168169a0eaf,train
de5fd903880ea5cb1e17278806fb87b1424d53c105a6566fc95ad0474c470139,val
de6f578ba4b8a42233c4ccc21b66de42af103c100977c7cf520914c176576142,train
de8b4618593c44224fe75e5d3464eadda0ac22b76dbfc5368abe9463a100d85c,train
defcda524f8380d118f6034cc7aee1b4af2a964285e570b5215563dc50cab341,val
defe0a02e01058b76848010d746b7a949e7144d1ee5af9865037c240fc8e5767,train
df18d6418b05cc37a37d9281ef55c38934ed5d3031c6d9309fd7f1eabf76677d,train
df3ad5e82db7734d2b1afcdb6ea9e1bbece42b95aa0b6853c96a076be28d7a41,train
df8a304efcde682cbc59f6342bf6d9cc99254191d2e51445f3c9c097a6ae246d,train
dff0c8851be009520fbfaf424838b34148136d139a0a5dfc5637861776912077,test
e02e4d2e00254bbee8d467b4239960fd7378451ee5b6912f5e8ee670b6d4bb75,train
e03a0e49de4f0c3204d22c11475f6a11c29ee784d26ddb4f0ef524ef5cf0d581,train
e04141533883acc40b19760f54f09120127fdfb90fff3bd816a02b64f860e9ed,train
e0e40ccd19cf01b6df04d0a453e1ab61be53f74a7117b7f5322187ac454cd526,train
e0f75bbde9b9253f5f8c860b0b910d3229ae6cc447fa5728b2af0811f17d5009,train
e13f0d5e4d770307bde70972f38bb946427db8e66af60c6639b66e29702d932d,test
e141d301306cc792914dd65ab0b215e7a3b85752e6696f712dd5bec4b3e10988,train
e1513d414991e45eda1e70bc6f4b9e6b2993e6919f5a36ffdce7d6349de476ab,train
e1ac5681ee45d16030135fa4a083e6018a18930cdb2d067a8272219030411ec6,test
e1d2f9929e6abd1a171f698eee88418a34e45b6b180d4722d48cb56f96a760ce,train
e2010b4d8bcd1d01fd9bfece13a5ab49ffcea716e8d14911a356ea6df6dfbede,train
e203a30911b052937279fc44ff6aff8f138ecd7c5f72324f2b32e2fced26e38c,train
e212365d6bb2c15ca1e6d83e74363511bff46ce6d1c67ca103160d8ef1525afb,train
e263f89594a6b43cbe970cd7859e30a9fcdb06f113d8fe7c564d1cf783d8dca0,train
e2642d1b169ba6ef5731e1feeab88614d61ffa4c6c728f6e649115df41bdd1c7,train
e28e3116373cc80a13237e11fe64ddacb20914b069c303560321e6e178548a94,train
e2a4c8551970756729fca32d37802a4881ef04365d051b2dab5e7b03b9da3876,train
e2d6c62d896996856b7eb4d06022c557aa1b1d4eaaa1ceabac840037d6751365,train
e30586450eb8da1b202ca77965492a2ef5918da0f4b6ad36753c34d01a9923c3,train
e319fb9ed416e50e4903d37c2222fd9fea0459948a14e5c2c5460b4731f3701a,train
e3743a3c7a389da06a8c0219b2c07880ebd369bd6a40014b84c13d2f3c4143de,train
e390a984265157f1cb69675eba7da3ff3b7a4820c34f4da44d165af975489c03,train
e42166cb7c5be7505a9e8b9149e871f7b0de15df76b33906852a1005226ef5c1,train
e46bdc0cde0921c69c03f43d2b3f823e721740e2cbae198cc7a69487555ac8e1,train
e474a9b0a7819d65a62360e66a9ab0e472d479fdcd1358f573d802bf3c17528c,train
e4d2983d99c51c3b69d9bf5aef2e89c1a919fa30b47ba096a767f80e56d1639f,train
e4e11b3912b4cd02471b9cd9fc7e8238f6e13253b8aa96fcf3d5ca1059e124d4,train
e4e3fc8cdb97b261917b18a536746c8cf5d4212b96dc68d8b3193ac5d93ba512,test
e4fd50e965abb686500f861e045019ad2a231f4377e47f8d9914882aedd6d034,train
e585d15f07ff918082f2694b937d3dd45f5325c0d6f595a2cf0dbd35f6b6330a,val
e6485c53704bbd91bc3f85660571352bded458f2322018a3b5687f9b40d96715,train
e65a946f6228f88158c6418c83d7315bb1c314e3f4c8cd6882f07f1756141a60,train
e686a75d0f43f94ae33dd83419e9979adef85ca74a0f276787d0d2da35e126ab,test
e6ba536ff8d1472fe41026c34658b67e64f97dff2ee43f13d7592ca99d56542a,train
e725b374dbcdcff19f53c0a67976487e88fe359c44996ca3c0b3075457274684,train
e80e5a7eb1bcf6f88d8a7a8b1088c9dd536ba70f4ef0a7b1051868853fc0ea08,val
e81b42804464aae9c38e072ccfff24a5b77548f47f703b1fb2392240d84e1078,train
e82187b7ec808fd72bedaa2ad804c957fe5e7095a44ad5f6c410ea48227a1305,test
e86460949388f5f6df807227858a257278a06292da2d9ae5e3cc2e9c5c2777ab,test
e892afd31e8f68b5296f2cf522fd03ef0e752720b3386a2d9b64bea9c6ab5da0,test
e8b04adf8a8bc2025e6c527c4c2cd551d2469c69e2988fc97b63a528e49696a6,train
e904f2068d1947c5fbe53c5b77efd08f6b2e0f55e131cad1c6d298261560ce9a,train
e90d51bacf65830243b5f8897393766c4e526aa78ade3d3f623e03a1bf780fe7,test
e90fcb4dada6a7a298fa16b0fee318c33a4ce71796f61d051efc6d094a9c6076,train
e91076ad41f2bcf2dd39b3162ab7cd67ecbc93e0b1aa5749ce4f939bca92b8d8,train
e91f4fd5b191fb958b73886360bff46fffe5a7673e9fce4011daf6a20f4103c6,test
e95e2efccd0561b7ef6f440c551cea12739e70fcdc4e170be88c51bdc61d6a14,train
e9772927bdec1a45388004595e120600ca2232cd4f0b270d1e1d0a2a38b62839,test
e97b320e1c3853ddd903afee1b7aacf65d07ab7282703790c09308ca8261faaf,train
e9b595b4b33b5eb0818abb17056840a84a7d3ced9918fccb04ee6ba09e0e3f08,train
e9cdca4e1dddaaa0cc5adb7aed3f1ae49e7a4f26cd2d513b2a23b06b68d461da,train
ea10f78ee1c602847583a937a7fc3ee5ff1cfba21bed4f64cad27f94d27b5dc8,val
ea50143b27c24fd4c642f992b22812091faac7032800f147f062b3922d77c7f0,train
ea9a697568110642c78e348ad4fc1dbb4ffe92fc574e31e69692ae4ce96eadff,train
ea9d877a46a15be7ccc1fe9693139e8561e09d47a55e70fb3a5fe7f5ce75d613,train
eaeb4204bd9f6132c2e482467d80b3e1dc131520d4fcb59b45df32f8386927d0,train
eb310653b4d0929d016264c7a58bb48667c1b1d98c5fc58e20756536ba53d99f,train
ebf243d93ce0de0e4e11f563acd028cfecf2ef37df9742efdce2c5e8edc08acd,val
ebf2c5de8c85953b3c249d140fbc6fb762323208e82b5008d1f176684d7f5090,train
ebf5616fa4c2405ac35d710eb7a7600dd7cbf292ccbc5983f3798338eedf5bd7,train
ec49f692d882626582fc2e97f48163058d20e5ef1e3f5a5d3c08353a48c71d74,test
ec720eaeb8ab9b241e9d84d7450b7aae854e0ab9b5fe62f54d5f19e2fe99798b,train
ec782749abdd6f6703d0d442e613df002185906499ae29512ba3d575e3289319,train
ed8cf775b52268c896a35766dbf3ebcc48e757c4618142db8c2556e99f04ca52,train
edb567885ece79fe813712b6daca590a60ea586ff850549adbdaa62bc89e8773,train
edc297f27c00c2b3ef163c4bd5ad2a10d859754c5b0c2d95a436f1ac2ba27bf6,train
ede7128aed0e1a3271bdd4d97d126ee8feabe85a985a6841f184f17b5bcb5f0c,train
ee148e2a3e19e74a5f1087cc5123408736ad3cbd62133798361f099b44882b2f,test
ee1ff953a10d341e587326cee83bf0c260fa7525eed7a4a557c4db0fa4ec3e11,train
ee81841314e6c52a4719695ac5c678ba99aeef63de35a31d57932856d0fa3045,train
ee9fbf69700ef0682e185b31650319dceb6fb382b751b1c180f5c59941e4f9ac,train
eeb59056503240649186118d6e10f5e2760f454ae5bf9bd30dbd92893d86f6ad,train
eeb9e56eac2ae1e21a92fe9858e9e5f3e818feb33bf58e8ee4766eccc6abdc59,train
eeeeb84b3366bd5b4cd71e9e7b94d6a21ef92c3ec20b35aee5e2b0c1f97f7639,train
ef49d771e52a1aec8359c6d97b3997b0af6f5c3df79785ca9af58a87193a54cc,train
f02303fd5aec480b1182528571654fb4c4140894718419cfbc5eaf2cf9931ed6,train
f0389b4fd521fbb78d1933c1d1dd95c5a458e3b399b2243217281b71d5dc9ddb,test
f07ff5e638d92a9c136fb5b53ccda46c34a8b0508f4ff8e1ef9fc5714669a948,train
f09af550e91a57c42c1ca317add67034b9366de74071762404e906228bc1d8d7,train
f09dc4956193c1190bc125c2a378792d1547809a5e2182d056b6024a0a42cc79,test
f0c6f80f030e1680492f81eb01e53a91ba03f84300f37bca32d22f9dfb180300,train
f10fe5fb372160369f00383fd1c1ec4dd15ed75b1df8cc18c85eeb084c429c9f,train
f1587cf413dee9c2fff6c530c6af2b435a240c4c3ad1178d7b58ca05bbf175c6,train
f1ef0cfd8b3eb56cdefb2781966ef5a4977b792bc6b1af411a70740e13745c96,train
f21fb18b180c50639cb2b16b29756e37479c97b2525355fcdc3df204e4efcfe0,val
f237c59b068e1b1cefc3891a00255d73ea7690a3ebe44f4d1e714b600e8f3a39,val
f240af2bd9aeb0460fed4970c334f692008efef52fec7c65d418407de790578b,val
f314218e1972d43226159caa4454080a0dfea0fbe01cb09deecaeaf0e81a43d6,train
f32242464e472421253d6d12f259ca5a86bcb434fe94aeec7a984da114a5941c,train
f3b7ce98f3197aaa007dc83745cd5f517489d111d2f6932e4866c94135fea4d9,train
f40e2c085585139c39adeea73e14ebb1a5afc1da5f8064f699f4d90d45a05516,train
f41690cb6817c5802f67ad04409947d42b4540b44266f550c7353d448b062fb8,val
f47aa02f1e753a97775a82f5765905c68082e3cd2d44885f71efe0c2019d92c2,test
f498d40688daedf689d635db969ef3f773fadd7e787687e299f698fa65142bc9,train
f4dfd99f196b26258415c0dcbf8235dbe07774342ae5e9c6598099879e1338e6,test
f4e8f4ec996e138a0ce20f6d11890fecce8659a9098a58891e11151488ca425d,test
f4eea5b63e32a6479398d1887843f51bd4254a41a010b4f376eb48c12c65c6b5,train
f5561f17f51e29214bf14c3ea3f8a2ec09c4ca9cc497d57a53197dcb94669833,val
f5c5a4694c66a028c9abf3eed5d76146cc96193eabea9216ca071fbdf2e6b38b,test
f63baa1060d01e910b20b15c17610bf42b34e7de986bc8301786f59882ccdc6d,test
f697fca9cfb63e9b166f1def70e7f036d5178e34091513930995723e910b17c2,test
f6dbfe2d1f2404ae2b8afd313c7b7c09a1f1bf9c20f400f22b875a01dc6c13c8,train
f6f30384a09110d33c947fa1560f8a7916567a171aac75b0a7cdd7570ecf119f,val
f72ac0e7079b9169366e6ad3493b11abae9ab0600f285d705567638f7947a512,val
f72c0a252bd870a9b5a0c11d177ffac49ad07227b97279f641a964cd03fb0047,val
f732fa0ecfdaf3e6b813f78df3272d48de97bdf316d47d56a9b9456e90d79e4d,train
f789915acfa61105010fdbe5cd225717b71922e6df7dfb76a5967a2e5a4b5d0b,test
f87c5435886e11bb6fe8ff536714e342b1771c113bbb15f7b4804962c8af42df,test
f8f94ad7bf019280483eebb4082a580b2977a66d494bb50ec199f5d721dadb02,train
f972e1324c0f7c18725b74fffda97547608189ae1be16c2d82090a9441aa3f56,train
f99af42a506d52cdab5539d6996f7231c2e13a713895b883627db9d062866999,train
fa79520a14cc0f869cc169aeaf3dc091a7424e4c724983cbf61fbcf765b84663,train
fa88b90f4256ed0adc8c7d95dfd3bf6ef66163937c8cafb9a1a5288bc780a693,test
fa9fe9d140be36501e1897cf4ac5ee39f22d0e39916733f859d2c9404dce4ad8,test
fb04d28be61e9c35071cc6da47767c942543b7595991d138c340d8cb3f5080a5,train
fb1ecd0d3abc1ba7bdb6a6c3b6eea37b5aee5e125909de7904113eb319702bde,train
fb7f0ecb84cdb9454d0363a04fdf6969a388a7acac87b6256643da8f785c49ff,val
fb91f17bec259be21af02ab35592ac8a694d6790964f4d9b614198447930c5ed,val
fba8c1ac1b0c0e9305166e0e318cca0f68deaa72c4a73e2af6c046bdaf17ba0e,train
fbaee4ebcf0298f43667e541bc979ad80f49c4555e71a7e48e838a02daaba095,train
fbb996c9f3a58f2fd8ab25a82894e65e1984085c5b2ede6e3a40a0adae9b98c7,train
fbd9ff5e450f28038d380eb8a22594347c5e6a0b431e6142a1955427af13819b,train
fbf0b0c1be7016a7d9f33c63efb624362fbd278c546eeb455aa60c9bc6b9dc69,train
fc270c1dff60f68446779fd8d3add7cd103adb4348de37ac89aff5b9ff6e3c32,train
fc2c2ae9768c2bf00dbada91700b96f81dc0f681ddecf0aa3de839c01fb3d3ca,train
fc4f36152f72ba19d250268413d184839f1bfe91cfa00625e1e76f0613c280b2,train
fd1a57d66f1c67de1d96d6fcd80d810215a6fc9bb9ad98435bc0d1179befecb5,train
fd5726ee6bb44919c4b02a155d44dab2d3353b17ca620a6ef8de08566d0c8cd3,train
fde3bbc576ceee350cd2d818fff65bb2586ff72e60c68e4bcbd5e9f63ef4799c,train
fdf48cf7e4b700f4510fbfe5d32efac46e873c9f1f04fc41ef983b28d2f1b388,train
fe03e974d7dfdd6fda08291073312fbc78e7a128e0d46d854909351ad6229d34,test
fe346e161541e30179e1527cb31c0a3575efe82cb788e09ad3b6de98e8e922a2,val
fe8b4129d66485b49ffceb479d5b24c1cd33a9921823d1acc327bca9bc3ff22f,train
fea7bce6383ec43ca5915e5df6d0c6a86a5df01279276cce86d65d54087dcc0a,train
feb99cca65c9b349b1b7c5e42db9dc6d7678f6beb3c259c69d207db9939be934,test
ff589883de18ff5751932f03e25916b719b74c967e50a35d2e7dc66c364c7fb3,train
ff63964f9d00f473fba4f5ea656d9f180e47bec8a3b53a2b5789b5127e0dd406,train
ff7242245ebdf5157a7e0e110e4f6f3b0361d2b639e569693c5076d38a77a0e9,train
ffb29e2e8944d1939e724dbd7028011687b1b9902cca303766f0bd6d5bedc326,train
ffc772fc4df96897143a7ea555019b2081a7a220ca501b8742130176215c077c,val
